bone,metric,v14_ep001,v14_ep002,v14_ep003,v14_ep004,v14_delta_ep004_ep001,v15_ep001,v15_ep002,v15_ep003,v15_ep004,v15_delta_ep004_ep001,ep004_v15_minus_v14,delta_v15_minus_v14
calf_l,GeoDeg,1.430997896194458,1.9764128923416138,0.5278613686561584,0.7148355484008789,-0.7161623477935791,1.6289044618606567,0.9489022135734558,0.5789284825325012,0.8238188266754151,-0.8050856351852417,0.10898327827453613,-0.08892328739166255
calf_l,GeoLocalDeg,1.5107436180114746,1.9772436141967773,0.49863868951797485,0.7645551681518554,-0.7461884498596192,2.004152846336365,1.0724498271942138,0.6757899761199951,0.9199218392372132,-1.0842310070991519,0.15536667108535773,-0.3380425572395327
calf_l,AngVelMAE,0.09667843878269196,0.0485709585249424,0.025028308480978013,0.03261054903268814,-0.06406788975000383,0.09090226888656616,0.041886864602565764,0.027493874356150628,0.02758446931838989,-0.06331779956817626,-0.005026079714298248,0.0007500901818275618
calf_l,AngVelMagMAE,0.13693851381540298,0.08076365888118744,0.04172307103872299,0.05579555481672287,-0.08114295899868011,0.12925756424665452,0.06245915442705154,0.04217910319566727,0.04463028311729431,-0.08462728112936022,-0.011165271699428554,-0.0034843221306801037
calf_l,AngVelMagRel,0.0860218957066536,0.0586764857172966,0.029914837330579758,0.03370608724653721,-0.05231580846011639,0.0822390228509903,0.04457145854830742,0.03200177252292633,0.028864793851971625,-0.053374228999018676,-0.004841293394565585,-0.0010584205389022883
calf_l,AngVelDirDeg,1.5107436180114746,1.9772436141967773,0.49863868951797485,0.7645551681518554,-0.7461884498596192,2.004152846336365,1.0724498271942138,0.6757899761199951,0.9199218392372132,-1.0842310070991519,0.15536667108535773,-0.3380425572395327
calf_r,GeoDeg,2.153551959991455,0.789179015159607,1.0081963539123535,0.5661226511001587,-1.5874293088912963,3.4370682716369627,1.6541776180267334,0.6288772583007812,0.5351452350616455,-2.901923036575317,-0.030977416038513228,-1.3144937276840207
calf_r,GeoLocalDeg,2.192739725112915,0.8213912725448609,1.014811110496521,0.6108253479003907,-1.5819143772125244,3.591936540603638,1.628257656097412,0.6310726046562195,0.4987818658351898,-3.093154674768448,-0.11204348206520087,-1.5112402975559236
calf_r,AngVelMAE,0.06690990775823594,0.02861260063946247,0.01745518669486046,0.011994213610887528,-0.05491569414734841,0.08681178241968154,0.04318443685770035,0.019610430300235748,0.015632333233952522,-0.07117944918572902,0.003638119623064994,-0.01626375503838061
calf_r,AngVelMagMAE,0.10650040954351425,0.04389608204364777,0.02774881161749363,0.018592803925275802,-0.08790760561823845,0.15686874091625214,0.0793524593114853,0.03143289051949978,0.023259051516652106,-0.13360968939960002,0.004666247591376304,-0.04570208378136158
calf_r,AngVelMagRel,0.08813224285840988,0.04163448140025139,0.02384532429277897,0.014437647350132466,-0.07369459550827742,0.15062407851219178,0.061298389732837674,0.02813616693019867,0.020180538669228552,-0.13044353984296322,0.005742891319096086,-0.0567489443346858
calf_r,AngVelDirDeg,2.192739725112915,0.8213912725448609,1.014811110496521,0.6108253479003907,-1.5819143772125244,3.591936540603638,1.628257656097412,0.6310726046562195,0.4987818658351898,-3.093154674768448,-0.11204348206520087,-1.5112402975559236
foot_l,GeoDeg,1.8522197484970093,1.1009698390960694,0.48689740896224976,0.7476590752601624,-1.104560673236847,2.402152442932129,1.3783769130706787,1.1856111526489257,0.6864728212356568,-1.715679621696472,-0.061186254024505615,-0.6111189484596251
foot_l,GeoLocalDeg,1.7865983486175536,1.1835817575454712,0.4919962704181671,0.7984165549278259,-0.9881817936897277,2.383356237411499,1.5295568227767944,1.158461904525757,0.7159051895141602,-1.6674510478973388,-0.08251136541366577,-0.6792692542076111
foot_l,AngVelMAE,0.06879708468914032,0.033463864028453826,0.0188664510846138,0.01818404272198677,-0.05061304196715355,0.05814829170703888,0.024679986014962196,0.022560476884245874,0.019004909321665764,-0.03914338238537311,0.0008208665996789939,0.011469659581780436
foot_l,AngVelMagMAE,0.09025290906429291,0.04269620701670647,0.02529197447001934,0.02662941887974739,-0.06362349018454552,0.05762514919042587,0.025333835929632186,0.023080166801810263,0.025625063106417656,-0.032000086084008214,-0.0010043557733297355,0.03162340410053731
foot_l,AngVelMagRel,0.0547104112803936,0.024728533625602723,0.017247837409377097,0.017089739069342615,-0.03762067221105098,0.031185236200690268,0.014602456614375115,0.013467871583998203,0.016223638132214547,-0.014961598068475721,-0.0008661009371280677,0.022659074142575262
foot_l,AngVelDirDeg,1.7865983486175536,1.1835817575454712,0.4919962704181671,0.7984165549278259,-0.9881817936897277,2.383356237411499,1.5295568227767944,1.158461904525757,0.7159051895141602,-1.6674510478973388,-0.08251136541366577,-0.6792692542076111
foot_r,GeoDeg,2.9200583934783935,1.0437001705169677,0.47152836322784425,0.7169243693351746,-2.203134024143219,2.7367696285247805,0.6549858093261719,0.6231787323951721,0.41505427956581115,-2.3217153489589695,-0.3018700897693634,-0.11858132481575057
foot_r,GeoLocalDeg,2.925782346725464,1.005243182182312,0.4259811222553253,0.7613206744194031,-2.164461672306061,3.1585168838500977,0.6819906830787659,0.560122287273407,0.40755552649497984,-2.7509613573551177,-0.35376514792442326,-0.5864996850490569
foot_r,AngVelMAE,0.06272703260183335,0.02890751473605633,0.024526572227478026,0.016592496633529664,-0.046134535968303685,0.06973025351762771,0.039630276709795,0.019909079372882842,0.017657167837023736,-0.052073085680603974,0.001064671203494072,-0.0059385497123002895
foot_r,AngVelMagMAE,0.08078165948390961,0.03898996636271477,0.032465706765651706,0.0234165471047163,-0.05736511237919331,0.0939741924405098,0.04595853686332703,0.02219911403954029,0.02028648853302002,-0.07368770390748977,-0.003130058571696282,-0.01632259152829646
foot_r,AngVelMagRel,0.058534426242113115,0.02670304588973522,0.023244203254580497,0.017631644010543825,-0.04090278223156929,0.06715469807386398,0.03058522529900074,0.016243457235395907,0.01680880319327116,-0.05034589488059282,-0.0008228408172726645,-0.009443112649023533
foot_r,AngVelDirDeg,2.925782346725464,1.005243182182312,0.4259811222553253,0.7613206744194031,-2.164461672306061,3.1585168838500977,0.6819906830787659,0.560122287273407,0.40755552649497984,-2.7509613573551177,-0.35376514792442326,-0.5864996850490569
hand_l,GeoDeg,1.0780779600143433,0.6552206397056579,1.1426560163497925,0.5653714299201965,-0.5127065300941468,1.448034644126892,0.5322078466415405,0.6212632656097412,0.6372463941574097,-0.8107882499694824,0.07187496423721318,-0.2980817198753356
hand_l,GeoLocalDeg,0.9629528641700744,0.7156942009925842,1.149861216545105,0.6089191913604737,-0.35403367280960074,1.7967425346374513,0.6505390286445618,0.7150418758392334,0.7373457193374634,-1.059396815299988,0.12842652797698972,-0.7053631424903872
hand_l,AngVelMAE,0.06675086468458176,0.019330261647701262,0.011766961589455605,0.013271007686853409,-0.05347985699772835,0.050253181159496306,0.01997106783092022,0.013237815164029599,0.014328616857528686,-0.035924564301967624,0.001057609170675277,0.017555292695760727
hand_l,AngVelMagMAE,0.11540072858333587,0.03132155984640121,0.01947278268635273,0.024210430681705475,-0.0911902979016304,0.08673877120018006,0.033440633490681645,0.02282153405249119,0.027501623332500457,-0.0592371478676796,0.003291192650794982,0.0319531500339508
hand_l,AngVelMagRel,0.1070009008049965,0.027128225564956664,0.016636795178055764,0.02056281119585037,-0.08643808960914612,0.07511643618345261,0.0274723581969738,0.020903952047228815,0.024559280648827553,-0.05055715553462506,0.0039964694529771826,0.03588093407452106
hand_l,AngVelDirDeg,0.9629528641700744,0.7156942009925842,1.149861216545105,0.6089191913604737,-0.35403367280960074,1.7967425346374513,0.6505390286445618,0.7150418758392334,0.7373457193374634,-1.059396815299988,0.12842652797698972,-0.7053631424903872
hand_r,GeoDeg,2.2701453447341917,0.7434247493743896,1.3229209899902343,0.736539101600647,-1.5336062431335447,3.570463705062866,1.0847501039505005,0.7155533552169799,0.6622265100479126,-2.9082371950149533,-0.0743125915527344,-1.3746309518814086
hand_r,GeoLocalDeg,2.2143826484680176,0.6058283925056458,1.195498561859131,0.7857572793960571,-1.4286253690719604,3.71925630569458,1.1331396579742432,0.7336367845535279,0.682016921043396,-3.0372393846511843,-0.10374035835266116,-1.608614015579224
hand_r,AngVelMAE,0.07307452261447907,0.02519494332373142,0.015286975726485252,0.012901571206748485,-0.06017295140773058,0.05925369709730148,0.030937302485108377,0.01977410987019539,0.017610669136047363,-0.04164302796125412,0.004709097929298878,0.018529923446476464
hand_r,AngVelMagMAE,0.07890022248029709,0.03039146549999714,0.01661019343882799,0.015482678450644017,-0.06341754402965306,0.06661461144685746,0.030044885724782942,0.020634810626506805,0.018219339102506636,-0.04839527234435082,0.0027366606518626196,0.015022271685302242
hand_r,AngVelMagRel,0.08049103617668152,0.02758457250893116,0.013213514536619186,0.013298332877457141,-0.06719270329922437,0.07045254409313202,0.031056859716773032,0.02242266424000263,0.019112246856093407,-0.05134029723703862,0.005813913978636266,0.015852406062185756
hand_r,AngVelDirDeg,2.2143826484680176,0.6058283925056458,1.195498561859131,0.7857572793960571,-1.4286253690719604,3.71925630569458,1.1331396579742432,0.7336367845535279,0.682016921043396,-3.0372393846511843,-0.10374035835266116,-1.608614015579224
lowerarm_l,GeoDeg,3.3005050659179687,0.44107029438018797,0.6242083191871644,0.7753451824188232,-2.5251598834991453,2.404687261581421,0.5733906388282776,0.9113677740097046,1.0556252956390382,-1.3490619659423828,0.28028011322021495,1.1760979175567625
lowerarm_l,GeoLocalDeg,3.2657438278198243,0.48585727214813235,0.6277887225151062,0.8360068678855896,-2.4297369599342344,2.657494401931763,0.6558643341064453,0.9940688610076904,1.116590976715088,-1.540903425216675,0.28058410882949825,0.8888335347175595
lowerarm_l,AngVelMAE,0.11551963537931442,0.029684416204690933,0.018537276610732078,0.020756316557526588,-0.09476331882178783,0.07835090160369873,0.031847330182790755,0.0246618889272213,0.024690508469939233,-0.0536603931337595,0.0039341919124126455,0.041102925688028334
lowerarm_l,AngVelMagMAE,0.15683053731918334,0.03832712396979332,0.024413084238767625,0.030203528329730035,-0.1266270089894533,0.10190417170524597,0.04021788388490677,0.03151906579732895,0.03465589880943298,-0.06724827289581299,0.004452370479702948,0.05937873609364032
lowerarm_l,AngVelMagRel,0.1274397298693657,0.033570603281259534,0.021083443984389307,0.029454924166202545,-0.09798480570316315,0.08665048629045487,0.03478832170367241,0.027654895186424257,0.029912546277046204,-0.056737940013408664,0.00045762211084365845,0.04124686568975448
lowerarm_l,AngVelDirDeg,3.2657438278198243,0.48585727214813235,0.6277887225151062,0.8360068678855896,-2.4297369599342344,2.657494401931763,0.6558643341064453,0.9940688610076904,1.116590976715088,-1.540903425216675,0.28058410882949825,0.8888335347175595
lowerarm_r,GeoDeg,0.6809040427207946,0.43327983617782595,0.6558020353317261,0.8112252593040467,0.13032121658325202,2.420524311065674,0.3320893466472626,0.47534215450286865,0.3251232862472534,-2.0954010248184205,-0.48610197305679326,-2.2257222414016726
lowerarm_r,GeoLocalDeg,0.7118567109107972,0.4863123893737793,0.6383054375648498,0.8448296070098877,0.13297289609909058,2.593573522567749,0.4374557375907898,0.4607836902141571,0.34042441844940186,-2.2531491041183473,-0.5044051885604859,-2.386122000217438
lowerarm_r,AngVelMAE,0.0756634920835495,0.02617555409669876,0.01714993454515934,0.014381094835698605,-0.061282397247850895,0.062489719688892366,0.02640133909881115,0.02063545249402523,0.017510253190994262,-0.04497946649789811,0.0031291583552956574,0.016302930749952788
lowerarm_r,AngVelMagMAE,0.07335671335458756,0.02838616631925106,0.018085860833525657,0.01863389424979687,-0.05472281910479069,0.0634365476667881,0.023899151384830473,0.020030788704752923,0.02072474770247936,-0.042711799964308746,0.0020908534526824923,0.012011019140481943
lowerarm_r,AngVelMagRel,0.060239598900079724,0.025341652706265448,0.015706471726298334,0.017390450835227965,-0.04284914806485176,0.05736208111047745,0.02197601944208145,0.018152228370308877,0.02101067528128624,-0.036351405829191205,0.0036202244460582754,0.006497742235660554
lowerarm_r,AngVelDirDeg,0.7118567109107972,0.4863123893737793,0.6383054375648498,0.8448296070098877,0.13297289609909058,2.593573522567749,0.4374557375907898,0.4607836902141571,0.34042441844940186,-2.2531491041183473,-0.5044051885604859,-2.386122000217438
pelvis,GeoDeg,0.3573412001132965,0.2505971670150757,0.18952580392360688,0.1601986527442932,-0.1971425473690033,0.5612132906913757,0.23474666774272918,0.15323325395584106,0.14065731465816497,-0.4205559760332107,-0.019541338086128235,-0.2234134286642074
pelvis,GeoLocalDeg,6.704416481619763e-14,6.196066337955941e-14,6.582583463770122e-14,6.201100695218606e-14,-5.033157864011567e-15,6.211113641094689e-14,6.693737767847139e-14,6.069234944803236e-14,6.769905409919133e-14,5.587917688244443e-15,5.688047147005268e-15,1.062107555225601e-14
pelvis,AngVelMAE,2.8270492365275664e-14,2.5922630199088498e-14,2.7169053411126715e-14,2.5482460041278792e-14,-2.788032323996872e-15,2.5805385253782274e-14,2.6797855452146033e-14,2.5631903080602404e-14,2.7950192954908673e-14,2.1448077011263986e-15,2.467732913629881e-15,4.9328400251232705e-15
pelvis,AngVelMagMAE,5.358525174145937e-14,4.734243460582585e-14,5.0612748855264486e-14,4.576451048091297e-14,-7.820741260546397e-15,4.7609463436513664e-14,5.123757456726788e-14,4.676489162819091e-14,5.293976045842204e-14,5.330297021908376e-15,7.175249977509068e-15,1.3151038282454773e-14
pelvis,AngVelMagRel,,,,,,,,,,,,
pelvis,AngVelDirDeg,6.704416481619763e-14,6.196066337955941e-14,6.582583463770122e-14,6.201100695218606e-14,-5.033157864011567e-15,6.211113641094689e-14,6.693737767847139e-14,6.069234944803236e-14,6.769905409919133e-14,5.587917688244443e-15,5.688047147005268e-15,1.062107555225601e-14
thigh_l,GeoDeg,11.092083930969238,2.1423544883728027,0.7829722762107849,1.558610701560974,-9.533473229408264,3.8446444988250734,1.3010902881622315,1.2297476053237915,1.0346662998199463,-2.809978199005127,-0.5239444017410277,6.723495030403137
thigh_l,GeoLocalDeg,11.01989803314209,2.2141433715820313,0.8299317240715027,1.5507219791412354,-9.469176054000854,3.9945525169372558,1.3686226606369019,1.3164622783660889,1.0933252453804017,-2.901227271556854,-0.4573967337608338,6.567948782444001
thigh_l,AngVelMAE,0.09662843495607376,0.03908791318535805,0.021636753529310226,0.028451265767216682,-0.06817716918885708,0.07680649012327194,0.0362895704805851,0.023617296293377877,0.021366483345627785,-0.05544000677764416,-0.007084782421588897,0.012737162411212921
thigh_l,AngVelMagMAE,0.13100355714559556,0.05948916003108025,0.03560335338115692,0.05000696554780006,-0.08099659159779549,0.09363469779491425,0.051727300882339476,0.03419899418950081,0.03372069746255875,-0.0599140003323555,-0.016286268085241314,0.021082591265439987
thigh_l,AngVelMagRel,0.10971166342496871,0.052414176613092424,0.03158031292259693,0.04057137593626976,-0.06914028748869895,0.0787694737315178,0.04829816222190857,0.026307595148682594,0.025963498279452324,-0.05280597545206547,-0.014607877656817439,0.016334312036633478
thigh_l,AngVelDirDeg,11.01989803314209,2.2141433715820313,0.8299317240715027,1.5507219791412354,-9.469176054000854,3.9945525169372558,1.3686226606369019,1.3164622783660889,1.0933252453804017,-2.901227271556854,-0.4573967337608338,6.567948782444001
thigh_r,GeoDeg,2.6387513637542725,1.5563388347625733,0.9760937809944152,0.6804160714149475,-1.9583352923393251,4.570522785186768,1.8460192441940309,1.1033393383026122,0.9807878255844116,-3.589734959602356,0.30037175416946404,-1.6313996672630307
thigh_r,GeoLocalDeg,2.5173768997192383,1.491194248199463,1.0312046885490418,0.6618605613708496,-1.8555163383483886,4.801232814788818,1.8769425392150878,1.0477990627288818,1.0010973691940308,-3.8001354455947878,0.3392368078231812,-1.9446191072463992
thigh_r,AngVelMAE,0.05915725603699684,0.02908991239964962,0.0160607498139143,0.014687981829047203,-0.04446927420794964,0.07150877714157104,0.034933813661336896,0.023976872488856316,0.019065890833735465,-0.05244288630783558,0.004377909004688261,-0.007973612099885938
thigh_r,AngVelMagMAE,0.10200212001800538,0.04454513043165207,0.021885554865002634,0.0241212148219347,-0.07788090519607067,0.11005759239196777,0.05698565319180489,0.03975451961159706,0.030024009197950362,-0.0800335831940174,0.0059027943760156625,-0.002152677997946731
thigh_r,AngVelMagRel,0.07457151710987091,0.04136465713381767,0.016934037394821643,0.019527669250965118,-0.05504384785890579,0.1055692732334137,0.05375514104962349,0.036312761902809146,0.026762287318706512,-0.07880698591470718,0.007234618067741394,-0.023763138055801394
thigh_r,AngVelDirDeg,2.5173768997192383,1.491194248199463,1.0312046885490418,0.6618605613708496,-1.8555163383483886,4.801232814788818,1.8769425392150878,1.0477990627288818,1.0010973691940308,-3.8001354455947878,0.3392368078231812,-1.9446191072463992
upperarm_l,GeoDeg,3.074105978012085,0.9709098696708679,0.8845689773559571,0.6107478737831116,-2.4633581042289734,2.246550750732422,1.051234817504883,0.6047255039215088,0.5452816247940063,-1.7012691259384156,-0.06546624898910525,0.7620889782905578
upperarm_l,GeoLocalDeg,2.997627305984497,1.1222577810287475,0.9035225868225097,0.6456845283508301,-2.351942777633667,2.6665745258331297,1.0437604665756226,0.6199577569961547,0.5526998400688171,-2.1138746857643125,-0.092984688282013,0.23806809186935451
upperarm_l,AngVelMAE,0.06786980479955673,0.022665954753756525,0.016348820924758912,0.013208441250026227,-0.05466136354953051,0.0483002319931984,0.02261257655918598,0.01854420006275177,0.016418298706412315,-0.03188193328678608,0.0032098574563860886,0.022779430262744427
upperarm_l,AngVelMagMAE,0.0712841048836708,0.023286522552371024,0.015383512526750565,0.012420633994042873,-0.05886347088962793,0.053731948137283325,0.02481231912970543,0.0212550800293684,0.01667201742529869,-0.037059930711984636,0.004251383431255817,0.021803540177643292
upperarm_l,AngVelMagRel,0.08209906071424485,0.02954259030520916,0.02003294937312603,0.015602684020996094,-0.06649637669324875,0.06435011103749275,0.02907240092754364,0.024375040829181672,0.018163125216960906,-0.04618698582053184,0.002560441195964812,0.02030939087271691
upperarm_l,AngVelDirDeg,2.997627305984497,1.1222577810287475,0.9035225868225097,0.6456845283508301,-2.351942777633667,2.6665745258331297,1.0437604665756226,0.6199577569961547,0.5526998400688171,-2.1138746857643125,-0.092984688282013,0.23806809186935451
upperarm_r,GeoDeg,3.2092947959899902,1.2679208040237426,1.000111174583435,0.7908568382263184,-2.418437957763672,1.9275830507278442,1.1265323877334594,0.6955749273300171,0.5857909440994262,-1.341792106628418,-0.20506589412689213,1.076645851135254
upperarm_r,GeoLocalDeg,3.2668736457824705,1.3069580793380737,0.9291145920753479,0.8843497633934021,-2.3825238823890684,1.9592076301574708,1.1689726114273071,0.7556278586387635,0.6132154107093811,-1.3459922194480898,-0.271134352684021,1.0365316629409786
upperarm_r,AngVelMAE,0.07125212699174881,0.02303282022476196,0.014480783045291901,0.011313031800091267,-0.05993909519165754,0.050415430963039395,0.024851708859205245,0.01873445250093937,0.014269537851214409,-0.036145893111824985,0.0029565060511231415,0.023793202079832557
upperarm_r,AngVelMagMAE,0.08005363941192627,0.027124055474996567,0.015718618966639043,0.012485728971660138,-0.06756791044026612,0.05578720718622208,0.028378700837492943,0.017658911272883417,0.014272785559296609,-0.041514421626925466,0.0017870565876364711,0.02605348881334066
upperarm_r,AngVelMagRel,0.08570311963558197,0.036033700406551364,0.02002374641597271,0.015403611212968826,-0.07029950842261315,0.07014433145523072,0.035863377153873444,0.02077222168445587,0.017470015957951546,-0.052674315497279176,0.0020664047449827205,0.017625192925333974
upperarm_r,AngVelDirDeg,3.2668736457824705,1.3069580793380737,0.9291145920753479,0.8843497633934021,-2.3825238823890684,1.9592076301574708,1.1689726114273071,0.7556278586387635,0.6132154107093811,-1.3459922194480898,-0.271134352684021,1.0365316629409786
