bone,metric,v14_ep001,v14_ep002,v14_ep003,v14_ep004,v14_ep005,v14_ep006,v14_ep007,v14_ep008,v14_ep009,v14_delta_ep009_ep001,v14_delta_ep009_ep004,v14_best_ep,v14_best_val,v15_ep001,v15_ep002,v15_ep003,v15_ep004,v15_ep005,v15_ep006,v15_ep007,v15_ep008,v15_ep009,v15_delta_ep009_ep001,v15_delta_ep009_ep004,v15_best_ep,v15_best_val,ep009_v15_minus_v14
calf_l,GeoDeg,1.430997896194458,1.9764128923416138,0.5278613686561584,0.7148355484008789,1.0571542263031006,1.0344470024108887,0.8432139754295349,1.2075939416885375,1.0340032815933227,-0.3969946146011354,0.31916773319244374,3,0.5278613686561584,1.6289044618606567,0.9489022135734558,0.5789284825325012,0.8238188266754151,0.9165937304496765,0.8428847551345825,0.8322992563247681,0.7691397905349732,0.9118378043174744,-0.7170666575431823,0.08801897764205935,3,0.5789284825325012,-0.12216547727584826
calf_l,GeoLocalDeg,1.5107436180114746,1.9772436141967773,0.49863868951797485,0.7645551681518554,1.0710988521575928,1.0673479557037353,0.8745888590812683,1.2487581729888917,1.092154359817505,-0.41858925819396964,0.32759919166564955,3,0.49863868951797485,2.004152846336365,1.0724498271942138,0.6757899761199951,0.9199218392372132,1.0424360990524293,0.9793080568313599,1.014866542816162,0.9743397474288941,1.1295562505722045,-0.8745965957641604,0.2096344113349914,3,0.6757899761199951,0.037401890754699574
calf_l,AngVelMAE,0.09667843878269196,0.0485709585249424,0.025028308480978013,0.03261054903268814,0.03138297572731972,0.030313292518258095,0.027377722412347795,0.02736072354018688,0.029262717813253403,-0.06741572096943856,-0.0033478312194347368,3,0.025028308480978013,0.09090226888656616,0.041886864602565764,0.027493874356150628,0.02758446931838989,0.02667582258582115,0.030058449134230614,0.030721741542220116,0.032461921125650404,0.0358768604695797,-0.055025408416986464,0.008292391151189807,5,0.02667582258582115,0.006614142656326295
calf_l,AngVelMagMAE,0.13693851381540298,0.08076365888118744,0.04172307103872299,0.05579555481672287,0.053724946826696394,0.04872826561331749,0.041420476883649825,0.03905496746301651,0.0412316657602787,-0.09570684805512428,-0.014563889056444165,8,0.03905496746301651,0.12925756424665452,0.06245915442705154,0.04217910319566727,0.04463028311729431,0.04353946670889854,0.0477170281112194,0.04781368672847748,0.04954084083437919,0.053087732195854186,-0.07616983205080033,0.008457449078559873,3,0.04217910319566727,0.011856066435575484
calf_l,AngVelMagRel,0.0860218957066536,0.0586764857172966,0.029914837330579758,0.03370608724653721,0.0331368699669838,0.03134533725678921,0.029927896335721016,0.025319729372859,0.023127128183841706,-0.0628947675228119,-0.010578959062695504,9,0.023127128183841706,0.0822390228509903,0.04457145854830742,0.03200177252292633,0.028864793851971625,0.02808051072061062,0.03157119937241078,0.03023635409772396,0.03272014372050762,0.031042206659913064,-0.051196816191077237,0.0021774128079414395,5,0.02808051072061062,0.007915078476071358
calf_l,AngVelDirDeg,1.5107436180114746,1.9772436141967773,0.49863868951797485,0.7645551681518554,1.0710988521575928,1.0673479557037353,0.8745888590812683,1.2487581729888917,1.092154359817505,-0.41858925819396964,0.32759919166564955,3,0.49863868951797485,2.004152846336365,1.0724498271942138,0.6757899761199951,0.9199218392372132,1.0424360990524293,0.9793080568313599,1.014866542816162,0.9743397474288941,1.1295562505722045,-0.8745965957641604,0.2096344113349914,3,0.6757899761199951,0.037401890754699574
calf_r,GeoDeg,2.153551959991455,0.789179015159607,1.0081963539123535,0.5661226511001587,0.38661110401153564,0.5522254586219788,0.4939238905906677,0.6963487267494202,0.712894058227539,-1.4406579017639158,0.14677140712738035,5,0.38661110401153564,3.4370682716369627,1.6541776180267334,0.6288772583007812,0.5351452350616455,0.8711172103881836,0.9526981711387634,0.7362914681434631,0.6647246360778809,0.6892315745353699,-2.747836697101593,0.1540863394737244,4,0.5351452350616455,-0.023662483692169167
calf_r,GeoLocalDeg,2.192739725112915,0.8213912725448609,1.014811110496521,0.6108253479003907,0.37706695795059203,0.5423629760742188,0.4752970695495605,0.6487931966781616,0.656373918056488,-1.536365807056427,0.04554857015609737,5,0.37706695795059203,3.591936540603638,1.628257656097412,0.6310726046562195,0.4987818658351898,0.7786505818367004,0.828601598739624,0.6062249064445495,0.5606466412544251,0.5670685410499573,-3.0248679995536807,0.0682866752147675,4,0.4987818658351898,-0.08930537700653074
calf_r,AngVelMAE,0.06690990775823594,0.02861260063946247,0.01745518669486046,0.011994213610887528,0.015188370272517205,0.012907966785132886,0.012051958590745926,0.015483386814594269,0.01793071664869785,-0.048979191109538085,0.0059365030378103235,4,0.011994213610887528,0.08681178241968154,0.04318443685770035,0.019610430300235748,0.015632333233952522,0.012735006771981717,0.01566786002367735,0.020675038173794746,0.02301054298877716,0.023623362183570862,-0.06318842023611068,0.00799102894961834,5,0.012735006771981717,0.00569264553487301
calf_r,AngVelMagMAE,0.10650040954351425,0.04389608204364777,0.02774881161749363,0.018592803925275802,0.02564045079052448,0.020996998995542526,0.01978171691298485,0.0244620218873024,0.0288584616035223,-0.07764194793999195,0.010265657678246498,4,0.018592803925275802,0.15686874091625214,0.0793524593114853,0.03143289051949978,0.023259051516652106,0.01817704699933529,0.019542968645691872,0.029421509802341463,0.03359602764248848,0.03513795956969261,-0.12173078134655953,0.011878908053040503,5,0.01817704699933529,0.006279497966170309
calf_r,AngVelMagRel,0.08813224285840988,0.04163448140025139,0.02384532429277897,0.014437647350132466,0.021803000196814536,0.016050364077091216,0.01552849393337965,0.019796352460980417,0.024534708261489867,-0.06359753459692002,0.0100970609113574,4,0.014437647350132466,0.15062407851219178,0.061298389732837674,0.02813616693019867,0.020180538669228552,0.015383957326412201,0.016204882971942426,0.024763160571455955,0.0297920361161232,0.03001883290708065,-0.12060524560511113,0.009838294237852097,5,0.015383957326412201,0.005484124645590782
calf_r,AngVelDirDeg,2.192739725112915,0.8213912725448609,1.014811110496521,0.6108253479003907,0.37706695795059203,0.5423629760742188,0.4752970695495605,0.6487931966781616,0.656373918056488,-1.536365807056427,0.04554857015609737,5,0.37706695795059203,3.591936540603638,1.628257656097412,0.6310726046562195,0.4987818658351898,0.7786505818367004,0.828601598739624,0.6062249064445495,0.5606466412544251,0.5670685410499573,-3.0248679995536807,0.0682866752147675,4,0.4987818658351898,-0.08930537700653074
foot_l,GeoDeg,1.8522197484970093,1.1009698390960694,0.48689740896224976,0.7476590752601624,1.15166916847229,0.660060465335846,0.6457311034202575,0.7485714673995971,0.7283514022827149,-1.1238683462142944,-0.01930767297744751,3,0.48689740896224976,2.402152442932129,1.3783769130706787,1.1856111526489257,0.6864728212356568,0.6434138417243958,0.5353530049324036,0.39888245463371275,0.3432401239871979,0.44316917657852173,-1.958983266353607,-0.24330364465713505,8,0.3432401239871979,-0.28518222570419316
foot_l,GeoLocalDeg,1.7865983486175536,1.1835817575454712,0.4919962704181671,0.7984165549278259,1.1543312311172484,0.7256546378135681,0.6794248223304749,0.7505079627037048,0.7444164156913757,-1.042181932926178,-0.054000139236450195,3,0.4919962704181671,2.383356237411499,1.5295568227767944,1.158461904525757,0.7159051895141602,0.7643583178520202,0.606291925907135,0.5012577474117279,0.44545950293540953,0.4271599054336548,-1.9561963319778441,-0.28874528408050537,9,0.4271599054336548,-0.31725651025772095
foot_l,AngVelMAE,0.06879708468914032,0.033463864028453826,0.0188664510846138,0.01818404272198677,0.022818411514163018,0.02529477924108505,0.030151353776454927,0.03371186405420303,0.03701382502913475,-0.03178325966000557,0.01882978230714798,4,0.01818404272198677,0.05814829170703888,0.024679986014962196,0.022560476884245874,0.019004909321665764,0.01823849081993103,0.019483426585793495,0.020887751132249832,0.02389751821756363,0.029827818647027014,-0.028320473060011862,0.01082290932536125,5,0.01823849081993103,-0.007186006382107736
foot_l,AngVelMagMAE,0.09025290906429291,0.04269620701670647,0.02529197447001934,0.02662941887974739,0.030712074413895608,0.036856935173273084,0.04422479495406151,0.05163915753364563,0.05774356946349144,-0.03250933960080147,0.03111415058374405,3,0.02529197447001934,0.05762514919042587,0.025333835929632186,0.023080166801810263,0.025625063106417656,0.02590188607573509,0.028461745753884316,0.031044428795576097,0.037656784802675244,0.04782928451895714,-0.00979586467146873,0.022204221412539485,3,0.023080166801810263,-0.0099142849445343
foot_l,AngVelMagRel,0.0547104112803936,0.024728533625602723,0.017247837409377097,0.017089739069342615,0.020086685195565224,0.023015695065259932,0.026032066717743874,0.03223730213940144,0.035273177921772,-0.019437233358621596,0.018183438852429387,4,0.017089739069342615,0.031185236200690268,0.014602456614375115,0.013467871583998203,0.016223638132214547,0.01625527273863554,0.01940481401979923,0.018202496320009233,0.020503611117601395,0.027481353655457497,-0.0037038825452327707,0.01125771552324295,3,0.013467871583998203,-0.0077918242663145044
foot_l,AngVelDirDeg,1.7865983486175536,1.1835817575454712,0.4919962704181671,0.7984165549278259,1.1543312311172484,0.7256546378135681,0.6794248223304749,0.7505079627037048,0.7444164156913757,-1.042181932926178,-0.054000139236450195,3,0.4919962704181671,2.383356237411499,1.5295568227767944,1.158461904525757,0.7159051895141602,0.7643583178520202,0.606291925907135,0.5012577474117279,0.44545950293540953,0.4271599054336548,-1.9561963319778441,-0.28874528408050537,9,0.4271599054336548,-0.31725651025772095
foot_r,GeoDeg,2.9200583934783935,1.0437001705169677,0.47152836322784425,0.7169243693351746,0.30277588963508606,0.5373297452926635,0.361877965927124,0.4847335875034332,0.3755738019943237,-2.54448459148407,-0.34135056734085084,5,0.30277588963508606,2.7367696285247805,0.6549858093261719,0.6231787323951721,0.41505427956581115,0.6625195264816284,0.44718841314315794,0.4884879171848297,0.4571194589138031,0.5449253439903259,-2.1918442845344543,0.12987106442451474,4,0.41505427956581115,0.16935154199600216
foot_r,GeoLocalDeg,2.925782346725464,1.005243182182312,0.4259811222553253,0.7613206744194031,0.2802636682987213,0.529329800605774,0.3217006802558899,0.4638119637966156,0.38195690512657166,-2.543825441598892,-0.37936376929283144,5,0.2802636682987213,3.1585168838500977,0.6819906830787659,0.560122287273407,0.40755552649497984,0.6309620022773743,0.3845925390720367,0.5496943891048431,0.5272331833839417,0.5793724298477173,-2.5791444540023805,0.17181690335273747,6,0.3845925390720367,0.19741552472114565
foot_r,AngVelMAE,0.06272703260183335,0.02890751473605633,0.024526572227478026,0.016592496633529664,0.014074035733938218,0.015864564664661886,0.018622072786092757,0.020778364688158035,0.021976949647068977,-0.04075008295476437,0.005384453013539313,5,0.014074035733938218,0.06973025351762771,0.039630276709795,0.019909079372882842,0.017657167837023736,0.017925598472356797,0.01872706487774849,0.018979791179299356,0.01964493952691555,0.021192921325564384,-0.048537332192063326,0.003535753488540648,4,0.017657167837023736,-0.0007840283215045929
foot_r,AngVelMagMAE,0.08078165948390961,0.03898996636271477,0.032465706765651706,0.0234165471047163,0.01922810301184654,0.022407180443406106,0.02665647864341736,0.030905285477638246,0.03240804374217987,-0.04837361574172974,0.00899149663746357,5,0.01922810301184654,0.0939741924405098,0.04595853686332703,0.02219911403954029,0.02028648853302002,0.021104789897799493,0.023590681329369544,0.024557850137352944,0.025748695060610772,0.02758610025048256,-0.06638809219002723,0.007299611717462542,4,0.02028648853302002,-0.00482194349169731
foot_r,AngVelMagRel,0.058534426242113115,0.02670304588973522,0.023244203254580497,0.017631644010543825,0.013474393077194691,0.016130979172885418,0.019813764467835428,0.021384086832404135,0.02440142519772053,-0.03413300104439258,0.006769781187176704,5,0.013474393077194691,0.06715469807386398,0.03058522529900074,0.016243457235395907,0.01680880319327116,0.014547525532543659,0.015366029739379884,0.016126213222742082,0.017159352824091912,0.017999616265296937,-0.04915508180856705,0.0011908130720257766,5,0.014547525532543659,-0.006401808932423592
foot_r,AngVelDirDeg,2.925782346725464,1.005243182182312,0.4259811222553253,0.7613206744194031,0.2802636682987213,0.529329800605774,0.3217006802558899,0.4638119637966156,0.38195690512657166,-2.543825441598892,-0.37936376929283144,5,0.2802636682987213,3.1585168838500977,0.6819906830787659,0.560122287273407,0.40755552649497984,0.6309620022773743,0.3845925390720367,0.5496943891048431,0.5272331833839417,0.5793724298477173,-2.5791444540023805,0.17181690335273747,6,0.3845925390720367,0.19741552472114565
hand_l,GeoDeg,1.0780779600143433,0.6552206397056579,1.1426560163497925,0.5653714299201965,0.7612465858459473,0.25783835649490355,0.3534869372844696,0.20667091012001038,0.29505434036254885,-0.7830236196517945,-0.27031708955764766,8,0.20667091012001038,1.448034644126892,0.5322078466415405,0.6212632656097412,0.6372463941574097,0.4980105459690094,0.3038050472736359,0.27473714351654055,0.2936852753162384,0.28302559852600095,-1.165009045600891,-0.35422079563140874,7,0.27473714351654055,-0.012028741836547896
hand_l,GeoLocalDeg,0.9629528641700744,0.7156942009925842,1.149861216545105,0.6089191913604737,0.6898472666740417,0.35433329939842223,0.35752970576286314,0.30374903678894044,0.307012802362442,-0.6559400618076324,-0.3019063889980317,8,0.30374903678894044,1.7967425346374513,0.6505390286445618,0.7150418758392334,0.7373457193374634,0.6322226643562316,0.40437933802604675,0.3833717226982117,0.4262431263923645,0.36820838451385496,-1.4285341501235962,-0.36913733482360844,9,0.36820838451385496,0.061195582151412964
hand_l,AngVelMAE,0.06675086468458176,0.019330261647701262,0.011766961589455605,0.013271007686853409,0.013543050736188889,0.01363139133900404,0.013158966414630413,0.013265581429004669,0.014003529585897923,-0.05274733509868384,0.000732521899044514,3,0.011766961589455605,0.050253181159496306,0.01997106783092022,0.013237815164029599,0.014328616857528686,0.017692670226097107,0.018602439388632774,0.01738644614815712,0.014567370526492596,0.014015934243798257,-0.036237246915698046,-0.0003126826137304292,3,0.013237815164029599,1.2404657900333751e-05
hand_l,AngVelMagMAE,0.11540072858333587,0.03132155984640121,0.01947278268635273,0.024210430681705475,0.025126851350069045,0.0246182955801487,0.023397842049598695,0.02485609017312527,0.02799423784017563,-0.08740649074316025,0.003783807158470154,3,0.01947278268635273,0.08673877120018006,0.033440633490681645,0.02282153405249119,0.027501623332500457,0.03475761041045189,0.036436665803194046,0.03357602618634701,0.026207179576158524,0.024256400391459466,-0.06248237080872059,-0.0032452229410409907,3,0.02282153405249119,-0.0037378374487161622
hand_l,AngVelMagRel,0.1070009008049965,0.027128225564956664,0.016636795178055764,0.02056281119585037,0.020461594685912132,0.019723141565918922,0.01923057548701763,0.01987963356077671,0.021480302140116692,-0.08552059866487981,0.0009174909442663214,3,0.016636795178055764,0.07511643618345261,0.0274723581969738,0.020903952047228815,0.024559280648827553,0.030929362401366234,0.034165311604738235,0.031674469634890554,0.024052025377750398,0.022447158023715018,-0.05266927815973759,-0.0021121226251125357,3,0.020903952047228815,0.0009668558835983256
hand_l,AngVelDirDeg,0.9629528641700744,0.7156942009925842,1.149861216545105,0.6089191913604737,0.6898472666740417,0.35433329939842223,0.35752970576286314,0.30374903678894044,0.307012802362442,-0.6559400618076324,-0.3019063889980317,8,0.30374903678894044,1.7967425346374513,0.6505390286445618,0.7150418758392334,0.7373457193374634,0.6322226643562316,0.40437933802604675,0.3833717226982117,0.4262431263923645,0.36820838451385496,-1.4285341501235962,-0.36913733482360844,9,0.36820838451385496,0.061195582151412964
hand_r,GeoDeg,2.2701453447341917,0.7434247493743896,1.3229209899902343,0.736539101600647,0.4703322291374207,0.3172785878181458,0.5283862948417664,0.3605999231338501,0.41992310285568235,-1.8502222418785093,-0.3166159987449646,6,0.3172785878181458,3.570463705062866,1.0847501039505005,0.7155533552169799,0.6622265100479126,0.7256167531013489,0.8246258139610291,0.5751859903335571,0.4072231650352478,0.3525859653949738,-3.2178777396678924,-0.3096405446529388,9,0.3525859653949738,-0.06733713746070857
hand_r,GeoLocalDeg,2.2143826484680176,0.6058283925056458,1.195498561859131,0.7857572793960571,0.40522612929344176,0.3846209228038788,0.537688410282135,0.42512625455856323,0.5023191571235657,-1.712063491344452,-0.28343812227249143,6,0.3846209228038788,3.71925630569458,1.1331396579742432,0.7336367845535279,0.682016921043396,0.8331476807594299,0.9798310399055481,0.7416028022766114,0.5812544703483582,0.4543941140174866,-3.2648621916770932,-0.22762280702590937,9,0.4543941140174866,-0.04792504310607909
hand_r,AngVelMAE,0.07307452261447907,0.02519494332373142,0.015286975726485252,0.012901571206748485,0.012981167063117027,0.015330936573445798,0.01579659730195999,0.016455082595348357,0.016359907388687134,-0.05671461522579194,0.0034583361819386493,4,0.012901571206748485,0.05925369709730148,0.030937302485108377,0.01977410987019539,0.017610669136047363,0.020888397842645644,0.022285350412130357,0.02260674349963665,0.021364836394786833,0.02225390002131462,-0.03699979707598686,0.004643230885267257,4,0.017610669136047363,0.005893992632627486
hand_r,AngVelMagMAE,0.07890022248029709,0.03039146549999714,0.01661019343882799,0.015482678450644017,0.015947999618947505,0.020497801154851912,0.020572375133633615,0.021009207889437675,0.022035030648112297,-0.05686519183218479,0.0065523521974682804,4,0.015482678450644017,0.06661461144685746,0.030044885724782942,0.020634810626506805,0.018219339102506636,0.022535261139273642,0.025863052532076835,0.027928129956126212,0.028132717683911325,0.030131303146481513,-0.036483308300375945,0.011911964043974876,4,0.018219339102506636,0.008096272498369216
hand_r,AngVelMagRel,0.08049103617668152,0.02758457250893116,0.013213514536619186,0.013298332877457141,0.01448924969881773,0.022147713974118233,0.02098918557167053,0.02021878436207771,0.02166084349155426,-0.05883019268512726,0.00836251061409712,3,0.013213514536619186,0.07045254409313202,0.031056859716773032,0.02242266424000263,0.019112246856093407,0.02196229510009289,0.026039271801710128,0.02642241381108761,0.028262145444750787,0.03208466917276383,-0.038367874920368195,0.01297242231667042,4,0.019112246856093407,0.010423825681209566
hand_r,AngVelDirDeg,2.2143826484680176,0.6058283925056458,1.195498561859131,0.7857572793960571,0.40522612929344176,0.3846209228038788,0.537688410282135,0.42512625455856323,0.5023191571235657,-1.712063491344452,-0.28343812227249143,6,0.3846209228038788,3.71925630569458,1.1331396579742432,0.7336367845535279,0.682016921043396,0.8331476807594299,0.9798310399055481,0.7416028022766114,0.5812544703483582,0.4543941140174866,-3.2648621916770932,-0.22762280702590937,9,0.4543941140174866,-0.04792504310607909
lowerarm_l,GeoDeg,3.3005050659179687,0.44107029438018797,0.6242083191871644,0.7753451824188232,0.5482947945594787,0.6032402157783509,0.6964453220367431,0.7117424249649048,0.7205851197242736,-2.5799199461936952,-0.05476006269454958,2,0.44107029438018797,2.404687261581421,0.5733906388282776,0.9113677740097046,1.0556252956390382,1.0323601126670838,1.1850359201431275,1.0551747322082519,0.7543906688690185,0.7264814734458923,-1.6782057881355286,-0.32914382219314586,2,0.5733906388282776,0.0058963537216186745
lowerarm_l,GeoLocalDeg,3.2657438278198243,0.48585727214813235,0.6277887225151062,0.8360068678855896,0.5395700216293335,0.6074293851852417,0.7237289667129516,0.7253270864486694,0.6990410089492798,-2.5667028188705445,-0.13696585893630986,2,0.48585727214813235,2.657494401931763,0.6558643341064453,0.9940688610076904,1.116590976715088,1.0167784571647644,1.1366867303848267,0.9816531658172607,0.7074246883392334,0.7409444570541381,-1.9165499448776246,-0.37564651966094975,2,0.6558643341064453,0.041903448104858354
lowerarm_l,AngVelMAE,0.11551963537931442,0.029684416204690933,0.018537276610732078,0.020756316557526588,0.023211660608649255,0.023473042249679565,0.021170375868678093,0.022991133853793144,0.026183611527085305,-0.08933602385222912,0.005427294969558717,3,0.018537276610732078,0.07835090160369873,0.031847330182790755,0.0246618889272213,0.024690508469939233,0.029852930456399918,0.030354707315564156,0.028829609602689744,0.024144353345036507,0.023147470876574518,-0.05520343072712421,-0.0015430375933647156,9,0.023147470876574518,-0.0030361406505107873
lowerarm_l,AngVelMagMAE,0.15683053731918334,0.03832712396979332,0.024413084238767625,0.030203528329730035,0.03210785873234272,0.03284328952431679,0.028711090981960296,0.03187716044485569,0.03601357899606228,-0.12081695832312106,0.0058100506663322435,3,0.024413084238767625,0.10190417170524597,0.04021788388490677,0.03151906579732895,0.03465589880943298,0.04339154586195946,0.044652434438467024,0.04279715344309807,0.0354944720864296,0.03369643464684487,-0.06820773705840111,-0.0009594641625881167,3,0.03151906579732895,-0.002317144349217412
lowerarm_l,AngVelMagRel,0.1274397298693657,0.033570603281259534,0.021083443984389307,0.029454924166202545,0.02844778411090374,0.03118344023823738,0.027595236152410507,0.027672452107071876,0.03103550560772419,-0.0964042242616415,0.0015805814415216432,3,0.021083443984389307,0.08665048629045487,0.03478832170367241,0.027654895186424257,0.029912546277046204,0.03760017231106758,0.03862617164850235,0.03474101275205612,0.02853791192173958,0.029663361236453058,-0.05698712505400181,-0.0002491850405931459,3,0.027654895186424257,-0.0013721443712711306
lowerarm_l,AngVelDirDeg,3.2657438278198243,0.48585727214813235,0.6277887225151062,0.8360068678855896,0.5395700216293335,0.6074293851852417,0.7237289667129516,0.7253270864486694,0.6990410089492798,-2.5667028188705445,-0.13696585893630986,2,0.48585727214813235,2.657494401931763,0.6558643341064453,0.9940688610076904,1.116590976715088,1.0167784571647644,1.1366867303848267,0.9816531658172607,0.7074246883392334,0.7409444570541381,-1.9165499448776246,-0.37564651966094975,2,0.6558643341064453,0.041903448104858354
lowerarm_r,GeoDeg,0.6809040427207946,0.43327983617782595,0.6558020353317261,0.8112252593040467,0.5737306833267212,0.6317417025566101,0.6364823818206787,0.6660164833068848,0.6828980326652527,0.0019939899444580966,-0.12832722663879392,2,0.43327983617782595,2.420524311065674,0.3320893466472626,0.47534215450286865,0.3251232862472534,0.4761571705341339,0.5924054980278015,0.6949782013893128,0.6243362903594971,0.6633872628211975,-1.7571370482444766,0.33826397657394414,4,0.3251232862472534,-0.019510769844055198
lowerarm_r,GeoLocalDeg,0.7118567109107972,0.4863123893737793,0.6383054375648498,0.8448296070098877,0.5782680153846741,0.6689409494400025,0.6677057027816773,0.6961454272270202,0.7274155497550965,0.015558838844299316,-0.11741405725479126,2,0.4863123893737793,2.593573522567749,0.4374557375907898,0.4607836902141571,0.34042441844940186,0.5526818633079529,0.6551284551620483,0.8078896522521972,0.7051222920417786,0.7383397340774536,-1.8552337884902956,0.3979153156280517,4,0.34042441844940186,0.010924184322357089
lowerarm_r,AngVelMAE,0.0756634920835495,0.02617555409669876,0.01714993454515934,0.014381094835698605,0.017824123799800872,0.020968750491738318,0.019344186410307884,0.019416048377752303,0.019511819630861283,-0.05615167245268822,0.0051307247951626785,4,0.014381094835698605,0.062489719688892366,0.02640133909881115,0.02063545249402523,0.017510253190994262,0.020271075144410133,0.023425301909446715,0.02514089606702328,0.023253410682082178,0.022920618206262587,-0.03956910148262978,0.005410365015268325,4,0.017510253190994262,0.003408798575401304
lowerarm_r,AngVelMagMAE,0.07335671335458756,0.02838616631925106,0.018085860833525657,0.01863389424979687,0.02168436236679554,0.02554575428366661,0.023768462240695953,0.023289579525589944,0.02427230030298233,-0.04908441305160523,0.0056384060531854616,3,0.018085860833525657,0.0634365476667881,0.023899151384830473,0.020030788704752923,0.02072474770247936,0.028426456823945047,0.03431249409914017,0.03572491630911827,0.0313989456743002,0.02989572733640671,-0.0335408203303814,0.009170979633927347,3,0.020030788704752923,0.005623427033424378
lowerarm_r,AngVelMagRel,0.060239598900079724,0.025341652706265448,0.015706471726298334,0.017390450835227965,0.01760584432631731,0.02195000909268856,0.01921613998711109,0.02069529965519905,0.020474040880799294,-0.03976555801928043,0.0030835900455713286,3,0.015706471726298334,0.05736208111047745,0.02197601944208145,0.018152228370308877,0.02101067528128624,0.028472407907247543,0.03463534638285637,0.03561689034104347,0.030885984376072883,0.028429747372865678,-0.02893233373761177,0.007419072091579437,3,0.018152228370308877,0.007955706492066384
lowerarm_r,AngVelDirDeg,0.7118567109107972,0.4863123893737793,0.6383054375648498,0.8448296070098877,0.5782680153846741,0.6689409494400025,0.6677057027816773,0.6961454272270202,0.7274155497550965,0.015558838844299316,-0.11741405725479126,2,0.4863123893737793,2.593573522567749,0.4374557375907898,0.4607836902141571,0.34042441844940186,0.5526818633079529,0.6551284551620483,0.8078896522521972,0.7051222920417786,0.7383397340774536,-1.8552337884902956,0.3979153156280517,4,0.34042441844940186,0.010924184322357089
pelvis,GeoDeg,0.3573412001132965,0.2505971670150757,0.18952580392360688,0.1601986527442932,0.11551970392465591,0.1401563048362732,0.14740147590637206,0.18145966529846191,0.1939914494752884,-0.1633497506380081,0.033792796730995195,5,0.11551970392465591,0.5612132906913757,0.23474666774272918,0.15323325395584106,0.14065731465816497,0.189832666516304,0.2319319725036621,0.26584203243255616,0.2897054314613342,0.29904842376708984,-0.26216486692428587,0.15839110910892487,4,0.14065731465816497,0.10505697429180144
pelvis,GeoLocalDeg,6.704416481619763e-14,6.196066337955941e-14,6.582583463770122e-14,6.201100695218606e-14,6.63036696401699e-14,6.380177893709586e-14,6.514109997940442e-14,6.610089537360808e-14,6.524546257002246e-14,-1.798702246175174e-15,3.234455617836393e-15,2,6.196066337955941e-14,6.211113641094689e-14,6.693737767847139e-14,6.069234944803236e-14,6.769905409919133e-14,6.485038268650053e-14,6.906268092132795e-14,6.704953161695143e-14,6.509562040877409e-14,6.573369507132525e-14,3.622558660378367e-15,-1.9653590278660755e-15,3,6.069234944803236e-14,4.882325013027998e-16
pelvis,AngVelMAE,2.8270492365275664e-14,2.5922630199088498e-14,2.7169053411126715e-14,2.5482460041278792e-14,2.704199203158817e-14,2.7113743176110545e-14,2.650921914978694e-14,2.8362327677416975e-14,2.602175846490567e-14,-2.2487339003699953e-15,5.392984236268766e-16,4,2.5482460041278792e-14,2.5805385253782274e-14,2.6797855452146033e-14,2.5631903080602404e-14,2.7950192954908673e-14,2.708387035693996e-14,2.709059478210162e-14,2.7928325613529175e-14,2.699702000309983e-14,2.6664538226072245e-14,8.591529722899701e-16,-1.2856547288364284e-15,3,2.5631903080602404e-14,6.42779761166576e-16
pelvis,AngVelMagMAE,5.358525174145937e-14,4.734243460582585e-14,5.0612748855264486e-14,4.576451048091297e-14,5.0738509531009226e-14,4.989023856039922e-14,4.954558559754595e-14,5.411434850026951e-14,4.812524890315112e-14,-5.460002838308249e-15,2.3607384222381483e-15,4,4.576451048091297e-14,4.7609463436513664e-14,5.123757456726788e-14,4.676489162819091e-14,5.293976045842204e-14,5.06479928797602e-14,5.097284356755938e-14,5.27197860020201e-14,4.972196902797675e-14,5.0517126967035764e-14,2.9076635305220995e-15,-2.422633491386276e-15,3,4.676489162819091e-14,2.391878063884644e-15
pelvis,AngVelMagRel,,,,,,,,,,,,,,,,,,,,,,,,,,,
pelvis,AngVelDirDeg,6.704416481619763e-14,6.196066337955941e-14,6.582583463770122e-14,6.201100695218606e-14,6.63036696401699e-14,6.380177893709586e-14,6.514109997940442e-14,6.610089537360808e-14,6.524546257002246e-14,-1.798702246175174e-15,3.234455617836393e-15,2,6.196066337955941e-14,6.211113641094689e-14,6.693737767847139e-14,6.069234944803236e-14,6.769905409919133e-14,6.485038268650053e-14,6.906268092132795e-14,6.704953161695143e-14,6.509562040877409e-14,6.573369507132525e-14,3.622558660378367e-15,-1.9653590278660755e-15,3,6.069234944803236e-14,4.882325013027998e-16
thigh_l,GeoDeg,11.092083930969238,2.1423544883728027,0.7829722762107849,1.558610701560974,1.4545536994934083,1.2081320762634278,0.9102983236312866,0.878785514831543,0.9076264381408692,-10.184457492828368,-0.6509842634201048,3,0.7829722762107849,3.8446444988250734,1.3010902881622315,1.2297476053237915,1.0346662998199463,1.0513614177703858,1.193387770652771,1.1462358951568603,1.2179408550262452,1.2132436037063599,-2.6314008951187136,0.17857730388641357,4,1.0346662998199463,0.3056171655654907
thigh_l,GeoLocalDeg,11.01989803314209,2.2141433715820313,0.8299317240715027,1.5507219791412354,1.4919577836990356,1.2172177314758301,0.9584964036941528,0.9095878601074219,0.9799404859542846,-10.039957547187806,-0.5707814931869508,3,0.8299317240715027,3.9945525169372558,1.3686226606369019,1.3164622783660889,1.0933252453804017,1.143672275543213,1.3215564727783202,1.2902153730392456,1.39792160987854,1.3711169242858887,-2.623435592651367,0.27779167890548706,4,1.0933252453804017,0.3911764383316041
thigh_l,AngVelMAE,0.09662843495607376,0.03908791318535805,0.021636753529310226,0.028451265767216682,0.02643337920308113,0.02780962772667408,0.027881549298763277,0.026545466855168343,0.026100282743573188,-0.07052815221250057,-0.0023509830236434943,3,0.021636753529310226,0.07680649012327194,0.0362895704805851,0.023617296293377877,0.021366483345627785,0.02071976400911808,0.023526304215192795,0.02495081424713135,0.026244360953569412,0.028243246674537658,-0.04856324344873428,0.006876763328909873,5,0.02071976400911808,0.00214296393096447
thigh_l,AngVelMagMAE,0.13100355714559556,0.05948916003108025,0.03560335338115692,0.05000696554780006,0.045240335166454315,0.045555158704519275,0.04393263757228851,0.04052871316671371,0.037094589322805405,-0.09390896782279015,-0.012912376224994658,3,0.03560335338115692,0.09363469779491425,0.051727300882339476,0.03419899418950081,0.03372069746255875,0.033033744618296626,0.037211231887340546,0.0395065888762474,0.0417097195982933,0.043784310668706895,-0.04985038712620735,0.010063613206148146,5,0.033033744618296626,0.006689721345901491
thigh_l,AngVelMagRel,0.10971166342496871,0.052414176613092424,0.03158031292259693,0.04057137593626976,0.03509550243616104,0.03982551321387291,0.03860876783728599,0.03594588488340378,0.03111744225025177,-0.07859422117471694,-0.009453933686017994,9,0.03111744225025177,0.0787694737315178,0.04829816222190857,0.026307595148682594,0.025963498279452324,0.02819344326853752,0.030562588572502138,0.030782537907361983,0.03594355881214142,0.039379554241895674,-0.03938991948962212,0.01341605596244335,4,0.025963498279452324,0.008262111991643905
thigh_l,AngVelDirDeg,11.01989803314209,2.2141433715820313,0.8299317240715027,1.5507219791412354,1.4919577836990356,1.2172177314758301,0.9584964036941528,0.9095878601074219,0.9799404859542846,-10.039957547187806,-0.5707814931869508,3,0.8299317240715027,3.9945525169372558,1.3686226606369019,1.3164622783660889,1.0933252453804017,1.143672275543213,1.3215564727783202,1.2902153730392456,1.39792160987854,1.3711169242858887,-2.623435592651367,0.27779167890548706,4,1.0933252453804017,0.3911764383316041
thigh_r,GeoDeg,2.6387513637542725,1.5563388347625733,0.9760937809944152,0.6804160714149475,1.0326740622520447,0.8377309679985047,0.5854180216789245,0.7030216932296753,0.9969825863838195,-1.641768777370453,0.316566514968872,7,0.5854180216789245,4.570522785186768,1.8460192441940309,1.1033393383026122,0.9807878255844116,0.665486216545105,0.8843544483184814,1.1018115997314453,1.1254406690597534,0.9922932624816895,-3.578229522705078,0.011505436897277899,5,0.665486216545105,-0.00468932390213006
thigh_r,GeoLocalDeg,2.5173768997192383,1.491194248199463,1.0312046885490418,0.6618605613708496,1.0628899574279784,0.863185727596283,0.6093661904335022,0.7435360789299011,0.9809684514999389,-1.5364084482192992,0.31910789012908936,7,0.6093661904335022,4.801232814788818,1.8769425392150878,1.0477990627288818,1.0010973691940308,0.7205826759338378,0.8535215020179748,1.0714485406875611,1.151779294013977,1.0120347738265991,-3.7891980409622192,0.010937404632568315,5,0.7205826759338378,0.03106632232666018
thigh_r,AngVelMAE,0.05915725603699684,0.02908991239964962,0.0160607498139143,0.014687981829047203,0.018239324539899827,0.01729416735470295,0.014004516787827015,0.015828211419284345,0.02149856127798557,-0.03765869475901127,0.006810579448938368,7,0.014004516787827015,0.07150877714157104,0.034933813661336896,0.023976872488856316,0.019065890833735465,0.016218063607811927,0.019333844631910325,0.02326631434261799,0.024033878371119498,0.023705657571554184,-0.04780311957001686,0.004639766737818719,5,0.016218063607811927,0.0022070962935686125
thigh_r,AngVelMagMAE,0.10200212001800538,0.04454513043165207,0.021885554865002634,0.0241212148219347,0.0312522254884243,0.02839960716664791,0.021803409978747367,0.02446707747876644,0.03606496602296829,-0.06593715399503708,0.011943751201033592,7,0.021803409978747367,0.11005759239196777,0.05698565319180489,0.03975451961159706,0.030024009197950362,0.023229378461837768,0.027406693249940873,0.03508319705724716,0.03527756780385971,0.03596673458814621,-0.07409085780382156,0.005942725390195851,5,0.023229378461837768,-9.823143482207836e-05
thigh_r,AngVelMagRel,0.07457151710987091,0.04136465713381767,0.016934037394821643,0.019527669250965118,0.02549937255680561,0.025627361983060835,0.017919415980577467,0.021830196678638458,0.03365853428840637,-0.040912982821464536,0.014130865037441254,3,0.016934037394821643,0.1055692732334137,0.05375514104962349,0.036312761902809146,0.026762287318706512,0.019763070717453958,0.025057468563318253,0.03238859549164772,0.034642471373081206,0.03537486717104912,-0.07019440606236457,0.008612579852342605,5,0.019763070717453958,0.0017163328826427446
thigh_r,AngVelDirDeg,2.5173768997192383,1.491194248199463,1.0312046885490418,0.6618605613708496,1.0628899574279784,0.863185727596283,0.6093661904335022,0.7435360789299011,0.9809684514999389,-1.5364084482192992,0.31910789012908936,7,0.6093661904335022,4.801232814788818,1.8769425392150878,1.0477990627288818,1.0010973691940308,0.7205826759338378,0.8535215020179748,1.0714485406875611,1.151779294013977,1.0120347738265991,-3.7891980409622192,0.010937404632568315,5,0.7205826759338378,0.03106632232666018
upperarm_l,GeoDeg,3.074105978012085,0.9709098696708679,0.8845689773559571,0.6107478737831116,0.7215664386749268,0.627377200126648,0.5824842333793641,0.622915756702423,0.7026513695716858,-2.3714546084403993,0.09190349578857426,7,0.5824842333793641,2.246550750732422,1.051234817504883,0.6047255039215088,0.5452816247940063,0.648740017414093,0.6318105697631836,0.6422092080116272,0.502617597579956,0.5031849682331085,-1.7433657824993136,-0.04209665656089778,8,0.502617597579956,-0.1994664013385773
upperarm_l,GeoLocalDeg,2.997627305984497,1.1222577810287475,0.9035225868225097,0.6456845283508301,0.7326041340827942,0.6864240646362305,0.6497300267219543,0.7122976422309876,0.7929890632629395,-2.2046382427215576,0.14730453491210938,4,0.6456845283508301,2.6665745258331297,1.0437604665756226,0.6199577569961547,0.5526998400688171,0.7063395619392395,0.7228621125221253,0.6381635665893555,0.5461450576782226,0.508072555065155,-2.1585019707679747,-0.04462728500366209,9,0.508072555065155,-0.28491650819778447
upperarm_l,AngVelMAE,0.06786980479955673,0.022665954753756525,0.016348820924758912,0.013208441250026227,0.013979700393974781,0.01531134732067585,0.014504332654178142,0.015653665363788604,0.01740153692662716,-0.05046826787292957,0.004193095676600932,4,0.013208441250026227,0.0483002319931984,0.02261257655918598,0.01854420006275177,0.016418298706412315,0.017484927922487258,0.0176481481641531,0.0177509106695652,0.0169257752597332,0.015846743993461133,-0.03245348799973727,-0.0005715547129511826,9,0.015846743993461133,-0.0015547929331660264
upperarm_l,AngVelMagMAE,0.0712841048836708,0.023286522552371024,0.015383512526750565,0.012420633994042873,0.013849923945963382,0.01388287302106619,0.013691129349172115,0.015195833519101143,0.01700047720223665,-0.05428362768143415,0.004579843208193778,4,0.012420633994042873,0.053731948137283325,0.02481231912970543,0.0212550800293684,0.01667201742529869,0.0173898670822382,0.018616894632577895,0.019522630050778388,0.01905082128942013,0.018402108550071718,-0.03532983958721161,0.0017300911247730283,4,0.01667201742529869,0.0014016313478350667
upperarm_l,AngVelMagRel,0.08209906071424485,0.02954259030520916,0.02003294937312603,0.015602684020996094,0.01598368976265192,0.015066992864012719,0.015884952805936336,0.01803463026881218,0.01962464451789856,-0.062474416196346284,0.004021960496902467,6,0.015066992864012719,0.06435011103749275,0.02907240092754364,0.024375040829181672,0.018163125216960906,0.021721675992012024,0.02075964994728565,0.022112329304218293,0.02156425714492798,0.020477240905165672,-0.043872870132327074,0.002314115688204766,4,0.018163125216960906,0.0008525963872671113
upperarm_l,AngVelDirDeg,2.997627305984497,1.1222577810287475,0.9035225868225097,0.6456845283508301,0.7326041340827942,0.6864240646362305,0.6497300267219543,0.7122976422309876,0.7929890632629395,-2.2046382427215576,0.14730453491210938,4,0.6456845283508301,2.6665745258331297,1.0437604665756226,0.6199577569961547,0.5526998400688171,0.7063395619392395,0.7228621125221253,0.6381635665893555,0.5461450576782226,0.508072555065155,-2.1585019707679747,-0.04462728500366209,9,0.508072555065155,-0.28491650819778447
upperarm_r,GeoDeg,3.2092947959899902,1.2679208040237426,1.000111174583435,0.7908568382263184,0.6919212102890014,1.0077012062072754,0.7486753463745117,0.7401776552200318,0.6568572759628296,-2.5524375200271607,-0.13399956226348875,9,0.6568572759628296,1.9275830507278442,1.1265323877334594,0.6955749273300171,0.5857909440994262,0.7127492308616639,0.6838939428329468,0.8252747654914856,0.7830162525177002,0.6756433248519897,-1.2519397258758544,0.08985238075256352,4,0.5857909440994262,0.018786048889160134
upperarm_r,GeoLocalDeg,3.2668736457824705,1.3069580793380737,0.9291145920753479,0.8843497633934021,0.7216681718826294,1.0676062822341919,0.796929931640625,0.8124353289604187,0.7795512795448303,-2.48732236623764,-0.10479848384857182,5,0.7216681718826294,1.9592076301574708,1.1689726114273071,0.7556278586387635,0.6132154107093811,0.7790054321289063,0.655112874507904,0.8131185054779053,0.7838363409042358,0.7473247647285461,-1.2118828654289246,0.13410935401916502,4,0.6132154107093811,-0.032226514816284135
upperarm_r,AngVelMAE,0.07125212699174881,0.02303282022476196,0.014480783045291901,0.011313031800091267,0.015609092451632023,0.019123154506087304,0.01712525188922882,0.016548543609678744,0.016798044368624688,-0.05445408262312412,0.005485012568533421,4,0.011313031800091267,0.050415430963039395,0.024851708859205245,0.01873445250093937,0.014269537851214409,0.014984853938221932,0.017833898216485976,0.019203557446599007,0.01789434589445591,0.017021451145410538,-0.03339397981762886,0.002751913294196129,4,0.014269537851214409,0.00022340677678584983
upperarm_r,AngVelMagMAE,0.08005363941192627,0.027124055474996567,0.015718618966639043,0.012485728971660138,0.019490745291113852,0.02330033704638481,0.021306511759757996,0.019636839628219604,0.019876701384782793,-0.060176938027143474,0.007390972413122655,4,0.012485728971660138,0.05578720718622208,0.028378700837492943,0.017658911272883417,0.014272785559296609,0.01685078963637352,0.02101524993777275,0.02367883287370205,0.02173876278102398,0.019542835652828217,-0.03624437153339386,0.005270050093531608,4,0.014272785559296609,-0.00033386573195457597
upperarm_r,AngVelMagRel,0.08570311963558197,0.036033700406551364,0.02002374641597271,0.015403611212968826,0.024285062029957772,0.026158321648836136,0.02507537491619587,0.024119843542575837,0.0223983246833086,-0.06330479495227337,0.006994713470339775,4,0.015403611212968826,0.07014433145523072,0.035863377153873444,0.02077222168445587,0.017470015957951546,0.020417803153395652,0.02294723242521286,0.02525797002017498,0.025909898057579994,0.020445527508854866,-0.04969880394637585,0.0029755115509033196,4,0.017470015957951546,-0.0019527971744537354
upperarm_r,AngVelDirDeg,3.2668736457824705,1.3069580793380737,0.9291145920753479,0.8843497633934021,0.7216681718826294,1.0676062822341919,0.796929931640625,0.8124353289604187,0.7795512795448303,-2.48732236623764,-0.10479848384857182,5,0.7216681718826294,1.9592076301574708,1.1689726114273071,0.7556278586387635,0.6132154107093811,0.7790054321289063,0.655112874507904,0.8131185054779053,0.7838363409042358,0.7473247647285461,-1.2118828654289246,0.13410935401916502,4,0.6132154107093811,-0.032226514816284135
