sic,pelvis,Bip001,spine_01,spine_02,clavicle_l,upperarm_l,RUpArmTwist_l_01,RUpArmTwist_l_02,lowerarm_l,L_ForeTwist_01,L_ForeTwist_02,hand_l,index_01_l,middle_01_l,pinky_01_l,ring_01_l,thumb_01_l,clavicle_r,upperarm_r,RUpArmTwist_r_01,RUpArmTwist_r_02,lowerarm_r,R_ForeTwist_01,R_ForeTwist_02,hand_r,index_01_r,middle_01_r,pinky_01_r,ring_01_r,thumb_01_r,neck_01,head,thigh_l,calf_l,LCalfTwist_01,LCalfTwist_02,LCalfTwist_03,foot_l,ball_l,thigh_r,calf_r,RCalfTwist_01,RCalfTwist_02,RCalfTwist_03,foot_r,ball_r
0,0.819618,0.210912,0.319468,0.242098,0.178253,0.795810,0.245119,0.119279,0.811235,0.129384,0.159467,0.572242,0.171390,0.254874,0.286666,0.342538,0.347340,0.228639,0.478676,0.465102,0.242708,0.469963,0.181243,0.187825,0.425625,0.274529,0.318788,0.332745,0.400447,0.258697,0.426695,0.442260,0.875667,0.416800,0.195981,0.183729,0.106555,0.677690,0.345619,1.057277,1.943126,0.207399,0.182478,0.250564,1.013414,0.469714
1,0.394173,0.180577,0.358575,0.616677,0.142487,0.800770,0.169899,0.170336,0.986495,0.119313,0.174600,0.508027,0.174897,0.232239,0.327152,0.337154,0.323922,0.328245,0.713045,0.301144,0.167766,0.361708,0.207612,0.183243,0.429438,0.247974,0.371340,0.357741,0.406890,0.288355,0.376503,0.300861,0.866206,0.384529,0.185796,0.241260,0.154493,1.308287,0.969537,0.406412,1.924269,0.155398,0.231167,0.232803,0.530227,0.394788
2,0.352669,0.157807,0.330320,0.518078,0.482795,1.404194,0.726440,0.335388,1.291302,0.108957,0.160563,0.631366,0.182051,0.206789,0.338546,0.354755,0.319767,0.190264,0.379134,0.329930,0.238040,0.230568,0.226801,0.191520,0.866807,0.208694,0.352793,0.338005,0.391308,0.296466,0.368549,0.437238,1.247199,2.446695,0.216680,0.228047,0.141492,0.585842,0.800128,0.311243,0.914911,0.216493,0.347335,0.268449,1.066258,0.278273
3,0.458608,0.221125,0.181312,0.599109,0.284647,0.377962,0.229864,0.184804,0.390795,0.180477,0.184876,0.299064,0.205542,0.311254,0.280524,0.346219,0.359705,0.221856,0.539140,0.368964,0.278068,0.259814,0.241644,0.234306,0.369265,0.276751,0.387683,0.304113,0.438151,0.280467,0.455845,0.252858,0.408715,0.400577,0.155899,0.208323,0.144685,0.722018,0.234889,0.328468,0.337205,0.157887,0.184263,0.222545,0.451815,0.294661
4,0.187271,0.142543,0.276432,0.328149,0.189337,0.375030,0.305772,0.252428,0.343291,0.111287,0.127522,0.378539,0.184233,0.255121,0.375012,0.317606,0.291823,0.278455,1.197524,0.606398,0.402896,0.271465,0.246517,0.190912,1.287073,0.208462,0.338456,0.329250,0.380995,0.328062,0.438925,0.289443,0.346271,0.209566,0.180040,0.237559,0.149312,0.699968,0.225606,0.727502,0.195040,0.277023,0.169590,0.228988,0.982732,0.425428
5,0.437450,0.181059,0.233562,0.151552,0.145861,0.777872,0.299145,0.267925,1.040029,0.150057,0.129544,0.603145,0.193563,0.299757,0.344540,0.306020,0.324092,0.166581,0.378172,0.309884,0.248917,0.155730,0.205455,0.170754,0.302215,0.294328,0.309751,0.344630,0.443955,0.309593,0.458457,0.195533,1.138723,2.201754,0.233158,0.271467,0.193751,0.964650,1.379913,0.769465,0.204025,0.310249,0.202454,0.190116,1.038438,0.259384
6,0.463059,0.173140,0.270528,0.407013,0.203379,0.551792,0.210911,0.109652,0.599012,0.145957,0.114081,0.270077,0.166471,0.281767,0.376200,0.307918,0.293992,0.167233,0.319284,0.416176,0.167771,0.270838,0.192057,0.157569,0.341964,0.248071,0.282559,0.328076,0.422403,0.311318,0.322583,0.305959,0.439689,0.661470,0.181124,0.208843,0.120061,1.689856,0.342490,0.562090,0.605936,0.264738,0.138979,0.219241,1.238465,0.270137
7,0.111014,0.191261,0.324610,0.164216,0.208771,0.384429,0.221787,0.151081,0.359496,0.151372,0.176686,0.581290,0.179007,0.264120,0.382151,0.338289,0.311096,0.227012,0.440327,0.277375,0.259136,0.365198,0.191441,0.165667,0.302570,0.239479,0.256144,0.313544,0.434073,0.317302,0.322240,0.266443,0.325232,0.396048,0.188698,0.204210,0.097368,1.910429,0.700990,0.254628,0.229965,0.147524,0.191147,0.229139,0.581226,0.316645
8,0.133674,0.178317,0.249173,0.207660,0.230232,0.436117,0.271088,0.096615,0.315773,0.150980,0.184575,0.258564,0.175803,0.269611,0.357043,0.337606,0.338795,0.333090,0.347156,0.283902,0.149253,0.291036,0.180627,0.214481,0.454279,0.276893,0.298911,0.305664,0.427598,0.306761,0.367305,0.183485,0.317080,0.284746,0.205007,0.208944,0.098744,0.623322,0.796752,0.413468,0.230408,0.169382,0.244188,0.253205,0.535995,0.312094
9,0.233381,0.163749,0.251941,0.370755,0.160742,0.474022,0.246932,0.133685,0.326060,0.131617,0.161314,0.398659,0.174988,0.261167,0.320230,0.351880,0.319779,0.188198,0.209278,0.308805,0.220852,0.150598,0.188690,0.224796,0.427723,0.292606,0.328201,0.282331,0.393869,0.282552,0.408699,0.232462,0.553879,0.397627,0.235055,0.192974,0.192640,1.338322,0.260425,0.278613,0.163391,0.177106,0.245014,0.263787,0.631904,0.278287
10,0.438680,0.172936,0.307486,0.336507,0.183948,0.358179,0.221256,0.179687,0.324265,0.125511,0.140132,0.231851,0.210498,0.268300,0.245818,0.358209,0.333707,0.181278,0.463819,0.350057,0.143090,0.183508,0.220275,0.212349,0.594654,0.298505,0.344878,0.312416,0.388731,0.311363,0.423624,0.310772,0.394005,0.283533,0.265656,0.202697,0.144319,1.160340,0.362047,0.650624,0.192354,0.161872,0.196972,0.216264,0.291478,0.280366
11,0.313036,0.178905,0.357473,0.200412,0.222550,0.367366,0.281435,0.157598,0.407926,0.134586,0.118690,0.359563,0.220733,0.263808,0.255102,0.359140,0.316305,0.210105,0.372061,0.370504,0.223182,0.218680,0.231846,0.189153,0.777940,0.276080,0.331965,0.326423,0.406935,0.354506,0.379713,0.231628,0.462929,0.462607,0.206593,0.171007,0.132494,1.033305,0.749905,0.516046,0.221077,0.183630,0.175652,0.197057,0.384538,0.307705
12,0.246007,0.191529,0.331268,0.171172,0.187643,0.364876,0.187206,0.170515,0.224870,0.175340,0.101108,0.192007,0.190219,0.303600,0.434396,0.368205,0.309367,0.184232,0.208235,0.309250,0.187168,0.205840,0.221440,0.181389,0.324947,0.260042,0.254850,0.263319,0.470261,0.330070,0.400102,0.273025,0.506926,0.416031,0.161420,0.222340,0.189444,1.475906,0.352829,0.566657,0.251210,0.152585,0.146271,0.228685,0.485091,0.385266
13,0.255002,0.202415,0.255378,0.432323,0.254298,0.322737,0.304774,0.169365,0.517609,0.179281,0.090778,0.840196,0.213620,0.264681,0.319499,0.334827,0.348797,0.187878,0.217241,0.322179,0.287689,0.415888,0.259630,0.168381,0.774816,0.251558,0.306867,0.380654,0.448365,0.410854,0.364749,0.265005,0.464756,1.458533,0.567091,0.525781,0.647365,3.276272,2.054828,0.446813,0.313261,0.176007,0.162578,0.215243,0.375195,0.305316
14,0.156950,0.177261,0.255853,0.403795,0.286434,0.435270,0.461207,0.289956,0.404122,0.157799,0.114207,0.663948,0.193359,0.213621,0.306366,0.319121,0.298936,0.204811,0.783901,0.453889,0.310813,0.261529,0.199611,0.148395,0.802905,0.232966,0.249037,0.358921,0.462789,0.363469,0.294469,0.223503,0.507641,0.545125,0.649227,0.639071,0.690632,3.001001,0.288594,0.459826,0.391473,0.195688,0.148771,0.218764,0.396550,0.297661
15,0.182303,0.185196,0.236390,0.447497,0.211630,0.299840,0.225018,0.109442,0.372468,0.152172,0.120229,0.430910,0.182860,0.219489,0.297807,0.312637,0.311578,0.197930,0.275333,0.298726,0.175603,0.193398,0.179002,0.170574,0.312696,0.250361,0.245868,0.398297,0.447099,0.353989,0.293288,0.233283,0.404027,0.706686,0.323882,0.344111,0.279346,1.917019,0.225872,0.251674,0.382129,0.145357,0.174112,0.248604,0.288834,0.287394
16,0.144687,0.170692,0.261990,0.118346,0.235539,0.298721,0.162344,0.113738,0.377510,0.145129,0.130464,0.336974,0.183034,0.226546,0.300260,0.310136,0.294853,0.195525,0.364863,0.285324,0.199550,0.188839,0.167118,0.168780,0.307716,0.247960,0.238369,0.357804,0.442306,0.332259,0.304127,0.330145,0.409540,1.476866,0.194391,0.178467,0.121508,1.688343,0.250245,0.277954,0.377564,0.150386,0.162381,0.234768,0.465562,0.313469
17,0.175131,0.168392,0.229954,0.204689,0.186375,0.695150,0.473007,0.210210,0.338308,0.158448,0.129543,0.362101,0.191524,0.259149,0.308367,0.283641,0.310827,0.204509,0.367916,0.308549,0.271787,0.217587,0.187443,0.166474,0.379810,0.264842,0.280907,0.355647,0.408036,0.301776,0.331443,0.283821,0.921593,0.670253,0.247728,0.228534,0.219522,1.688174,0.591990,0.224037,0.263402,0.171423,0.164857,0.213375,0.356383,0.336695
18,0.232436,0.162316,0.261594,0.170629,0.179669,0.751568,0.644817,0.215239,0.445520,0.160293,0.133536,0.440671,0.207225,0.264760,0.317340,0.276988,0.296738,0.181183,0.353807,0.298396,0.145847,0.318644,0.196029,0.168821,0.648931,0.265079,0.279980,0.347176,0.393656,0.305869,0.324117,0.275659,0.458647,0.486693,0.285799,0.294516,0.236379,1.945566,0.508596,0.291483,0.213069,0.161643,0.159512,0.199747,0.381270,0.287907
19,0.289294,0.167078,0.289915,0.156375,0.177748,0.772433,0.678899,0.396137,0.432574,0.168501,0.146275,0.602478,0.203875,0.291194,0.321198,0.299291,0.317057,0.176964,0.289170,0.461427,0.184672,0.233690,0.182799,0.153427,0.507833,0.280792,0.315217,0.321554,0.406379,0.270386,0.370131,0.281038,0.625851,0.413456,0.228270,0.178408,0.182780,0.862383,0.251974,0.384582,0.177892,0.151534,0.173474,0.199995,0.435156,0.277823
20,0.280388,0.164521,0.285464,0.225509,0.192644,0.776951,0.652997,0.361042,0.525253,0.167449,0.154199,0.495361,0.198335,0.301807,0.327253,0.321638,0.314828,0.180558,0.378179,0.383595,0.167608,0.380858,0.178474,0.152740,0.466525,0.283834,0.311376,0.287308,0.415544,0.269972,0.379946,0.272291,0.507501,0.494027,0.202596,0.149175,0.128827,0.955414,0.245139,0.490737,0.153470,0.151479,0.172242,0.205320,0.336147,0.290244
21,0.188740,0.153424,0.284740,0.163738,0.155060,0.444836,0.244163,0.129161,0.354993,0.154994,0.142882,0.608955,0.191822,0.277464,0.338358,0.355681,0.311453,0.180991,0.379775,0.307136,0.199409,0.195729,0.173959,0.168296,0.526657,0.288122,0.300550,0.251369,0.404301,0.279827,0.389814,0.227917,0.484680,0.368477,0.197537,0.150974,0.141696,0.840163,0.240127,0.456933,0.226564,0.147125,0.190033,0.209920,0.502001,0.371677
22,0.293021,0.174068,0.313996,0.159809,0.170367,0.506142,0.327904,0.286282,0.361832,0.163617,0.156910,0.465247,0.179816,0.297286,0.332224,0.340614,0.301900,0.152405,0.479591,0.340258,0.196369,0.589626,0.158933,0.211443,0.703231,0.289841,0.308436,0.290702,0.404493,0.273430,0.394150,0.277984,0.774062,2.206889,0.194500,0.167592,0.153481,1.317631,0.292484,0.607811,0.204475,0.161671,0.174297,0.201268,0.388768,0.321254
23,0.156039,0.178504,0.271326,0.315735,0.161014,0.522539,0.610242,0.369229,0.558005,0.147747,0.136105,0.344458,0.185151,0.285731,0.339254,0.376489,0.306924,0.154796,0.197419,0.329360,0.144798,0.150073,0.176353,0.187320,0.597393,0.306312,0.308301,0.232661,0.406119,0.285778,0.436084,0.274083,0.473013,0.370854,0.199266,0.145957,0.155599,0.620288,0.458160,0.294911,0.282145,0.159735,0.188391,0.232760,0.380446,0.272973
24,0.211634,0.172627,0.259750,0.387315,0.230953,0.469162,0.651226,0.448185,0.684671,0.144430,0.129965,0.221041,0.193996,0.274641,0.343442,0.367898,0.283873,0.193433,0.692695,0.549512,0.378233,0.266152,0.191819,0.164471,0.891407,0.301757,0.305793,0.222989,0.411100,0.307574,0.396484,0.216264,0.492326,0.364043,0.201784,0.142028,0.180347,0.652353,0.224528,0.380565,0.232825,0.159837,0.185532,0.216582,0.318209,0.311857
25,0.250605,0.190074,0.221997,0.410012,0.344725,0.466026,0.562580,0.371807,0.770120,0.151035,0.136555,0.443099,0.192923,0.265027,0.336407,0.330777,0.269083,0.269297,0.447553,0.452077,0.281318,0.252583,0.214645,0.176169,0.611856,0.294500,0.318569,0.297172,0.407139,0.297007,0.345538,0.231969,0.456596,0.294924,0.202548,0.161215,0.161811,1.147181,0.283676,0.377261,0.253313,0.185601,0.171989,0.245573,0.336346,0.417331
26,0.221352,0.178361,0.263854,0.260518,0.441508,0.572677,0.445730,0.289961,0.577769,0.146442,0.126662,1.012132,0.187648,0.242235,0.330703,0.337349,0.262708,0.279103,0.561701,0.476303,0.325300,0.183917,0.216034,0.161449,1.266856,0.279567,0.304925,0.293038,0.435203,0.308644,0.316855,0.207890,0.523268,1.059658,0.203911,0.154272,0.168656,1.097380,0.447973,0.403313,0.292892,0.192509,0.165397,0.234726,0.383532,0.360170
27,0.305132,0.183285,0.287115,0.234901,0.320516,0.450197,0.202910,0.142579,0.360088,0.153499,0.116056,0.531997,0.206575,0.245684,0.335913,0.330733,0.267593,0.260272,0.198127,0.296603,0.154591,0.246047,0.205813,0.178409,0.435500,0.275677,0.316659,0.310212,0.452520,0.341253,0.327912,0.201611,0.568141,2.462950,0.196338,0.163466,0.148263,0.861582,0.856001,0.450638,0.279219,0.166654,0.172666,0.243295,0.379088,0.272074
28,0.328899,0.174219,0.267985,0.202881,0.248082,0.507180,0.222161,0.195632,0.378400,0.149131,0.119995,0.421768,0.201955,0.212755,0.334852,0.340417,0.249220,0.184713,0.193916,0.283976,0.152207,0.223043,0.182509,0.185792,0.443223,0.246678,0.283233,0.348517,0.436560,0.342083,0.298959,0.238365,0.385433,0.923538,0.170925,0.175962,0.144954,0.947095,0.439246,0.395292,0.230294,0.155965,0.171316,0.241942,0.381397,0.278607
29,0.492526,0.171302,0.296376,0.183163,0.154004,0.592666,0.442072,0.309565,0.596600,0.151227,0.104210,0.442358,0.207668,0.219664,0.332636,0.345526,0.262195,0.199390,0.225893,0.305038,0.237228,0.297683,0.183866,0.163661,0.329646,0.244787,0.283789,0.343300,0.434281,0.357419,0.299908,0.233555,0.600930,0.326636,0.235508,0.230496,0.376083,1.444338,0.673798,0.424372,0.237356,0.170933,0.169954,0.220267,0.412823,0.305671
30,0.209747,0.165025,0.227169,0.125184,0.239673,0.664964,0.293783,0.144111,0.522220,0.138347,0.146821,0.561918,0.167586,0.241931,0.322776,0.376814,0.225590,0.177163,0.256857,0.309678,0.153448,0.252442,0.158149,0.195184,0.848267,0.276924,0.219349,0.401450,0.443303,0.324902,0.335719,0.341350,1.028058,0.592826,0.252250,0.261903,0.191161,0.879614,0.381814,0.367638,0.188417,0.193954,0.156679,0.224330,0.483417,0.320725
31,0.265841,0.159685,0.267804,0.144538,0.179479,0.466174,0.300947,0.251160,0.395420,0.139253,0.104025,0.995379,0.195784,0.232351,0.316683,0.375807,0.287255,0.208917,0.408820,0.312435,0.192483,0.282766,0.171209,0.152152,0.839442,0.251111,0.264144,0.314452,0.461451,0.349258,0.484119,0.434780,2.134499,1.737950,0.300637,0.291224,0.332307,3.627789,0.508530,0.333777,0.208666,0.148667,0.157930,0.188927,0.450420,0.453881
32,0.275915,0.174023,0.290238,0.148459,0.231187,0.343256,0.176679,0.110552,0.310873,0.143903,0.111369,0.300548,0.172796,0.267317,0.313724,0.358506,0.282204,0.184045,0.230715,0.327600,0.213873,0.267583,0.156467,0.200441,0.563452,0.256137,0.265957,0.378546,0.425561,0.318920,0.390702,0.299743,2.498828,3.262605,0.237558,0.221332,0.236996,2.305598,0.539631,0.402717,0.193356,0.180702,0.171601,0.200528,0.419611,0.425684
33,0.212100,0.172109,0.303361,0.120038,0.180607,0.389589,0.234534,0.149416,0.307608,0.152245,0.108721,0.381289,0.171099,0.265114,0.324268,0.378719,0.300823,0.181650,0.590505,0.335584,0.246001,0.423690,0.167199,0.197572,0.824490,0.267287,0.277018,0.358686,0.428416,0.325217,0.362089,0.287060,0.895054,1.139462,0.189031,0.152526,0.153869,1.239483,0.199255,0.471466,0.205797,0.152969,0.185527,0.168368,0.533354,0.296011
34,0.576465,0.185380,0.336736,0.206925,0.181402,0.474621,0.226948,0.151974,0.359579,0.149211,0.138610,0.253045,0.177275,0.296026,0.334386,0.343800,0.285021,0.199697,0.217596,0.327851,0.246191,0.293419,0.203776,0.199776,0.652353,0.272878,0.290596,0.371872,0.419132,0.305300,0.368255,0.314933,0.607307,0.572677,0.361459,0.353244,0.372714,2.621645,0.426946,0.768432,0.239464,0.177466,0.234507,0.218093,0.711588,0.514443
35,0.296712,0.172315,0.245543,0.178342,0.162507,0.419282,0.244531,0.125630,0.369206,0.163804,0.146783,0.246291,0.183270,0.298012,0.334898,0.342787,0.305464,0.181987,0.187085,0.337882,0.241618,0.330809,0.195123,0.174498,0.688808,0.267652,0.319959,0.347960,0.420606,0.318127,0.409251,0.339789,1.200577,0.570521,0.304638,0.286598,0.335763,2.959930,0.189975,0.310509,0.208511,0.177493,0.182587,0.171380,0.367105,0.493273
36,0.357569,0.183304,0.250960,0.182869,0.147300,0.398175,0.199371,0.107963,0.348481,0.153826,0.143039,0.309840,0.178384,0.275304,0.327816,0.322663,0.282014,0.189790,0.230290,0.337725,0.249820,0.327768,0.209992,0.162785,0.394041,0.263726,0.318914,0.355448,0.414014,0.305860,0.356767,0.282519,1.654342,0.720020,0.290701,0.278917,0.246633,4.052787,0.310377,0.309878,0.156534,0.190166,0.170657,0.178789,0.516037,0.496300
37,0.296342,0.188423,0.347968,0.175633,0.134164,0.351461,0.225693,0.154545,0.312223,0.156999,0.130318,0.451114,0.176221,0.260119,0.329312,0.319315,0.279561,0.186122,0.267070,0.321481,0.157065,0.414438,0.202913,0.189538,0.431798,0.269385,0.299036,0.350809,0.413817,0.298045,0.358056,0.278627,2.030633,0.857927,0.262998,0.274868,0.188299,5.451157,0.427898,0.609826,0.250244,0.168402,0.176243,0.182427,0.527622,0.474882
38,0.277758,0.183379,0.315695,0.191603,0.243551,0.474651,0.218815,0.114855,0.309166,0.151289,0.165998,0.325622,0.182412,0.249313,0.343708,0.286289,0.253593,0.195435,0.239976,0.336725,0.310579,0.264664,0.225858,0.161117,0.567240,0.265582,0.344703,0.325478,0.399325,0.301215,0.362050,0.196702,0.862777,0.297606,0.168483,0.192139,0.162957,2.421583,0.406657,0.304041,0.192053,0.185362,0.163398,0.198156,0.470550,0.333506
39,0.291146,0.179303,0.474302,0.264010,0.360962,0.510659,0.205402,0.143021,0.356667,0.155735,0.158964,0.293813,0.210011,0.245357,0.342833,0.263373,0.254844,0.196537,0.507655,0.348477,0.141642,0.213715,0.198957,0.191952,0.310427,0.256919,0.356492,0.327884,0.398649,0.301920,0.381492,0.162800,0.663936,0.272214,0.247800,0.306502,0.362694,1.038027,0.286136,0.516170,0.227764,0.192286,0.164200,0.227794,0.466777,0.368659
40,0.439103,0.148789,0.351932,0.222760,0.296842,0.466273,0.193608,0.143667,0.276123,0.152266,0.136700,0.339480,0.224916,0.214662,0.327232,0.319037,0.251075,0.173127,0.359609,0.371664,0.210269,0.194182,0.207173,0.196488,0.588237,0.245474,0.296672,0.258546,0.441224,0.333371,0.339406,0.326210,1.328926,0.737850,0.240322,0.267029,0.400563,1.991189,0.937756,0.407785,0.202453,0.151619,0.196629,0.287180,0.574784,0.360262
41,0.330706,0.158588,0.410428,0.236775,0.269200,0.372438,0.199256,0.171843,0.273620,0.165206,0.113619,0.322942,0.221055,0.256383,0.335431,0.336311,0.262322,0.202185,0.600182,0.409863,0.427013,0.282478,0.203646,0.199388,0.703110,0.264396,0.265902,0.296979,0.468061,0.326288,0.324673,0.232488,1.072216,0.384019,0.189517,0.173914,0.294488,2.856925,0.338584,0.530959,0.402300,0.173524,0.166799,0.236480,0.387236,0.854529
42,0.271127,0.165950,0.274014,0.147226,0.155652,0.278792,0.186050,0.110063,0.311121,0.159838,0.105789,0.212943,0.214040,0.266906,0.355796,0.336463,0.259904,0.187043,0.174390,0.317433,0.164251,0.183802,0.173358,0.196944,0.331370,0.288454,0.248228,0.300233,0.456166,0.322671,0.323916,0.288981,0.525462,0.265975,0.229130,0.181091,0.166161,2.091447,0.352803,0.377684,0.373247,0.169135,0.162021,0.238688,0.464967,0.572921
43,0.296704,0.145948,0.245666,0.117019,0.182247,0.337976,0.203252,0.118934,0.288924,0.131642,0.105438,0.286586,0.226416,0.209844,0.379981,0.321321,0.240496,0.171030,0.203259,0.282494,0.220496,0.329149,0.146279,0.180236,0.300425,0.254914,0.261393,0.270269,0.411046,0.340311,0.360663,0.245083,0.427174,0.209121,0.198564,0.178019,0.119198,0.945517,0.181862,0.307333,0.388589,0.185237,0.142440,0.217912,0.532111,0.344986
44,0.228912,0.166683,0.246719,0.148668,0.150101,0.311812,0.219049,0.122247,0.320722,0.129556,0.118341,0.193218,0.175281,0.242337,0.352174,0.290849,0.261173,0.169670,0.218754,0.287920,0.200866,0.365745,0.180562,0.170097,0.291977,0.253079,0.282259,0.314424,0.364281,0.314403,0.355237,0.224891,0.409043,0.195870,0.188673,0.192024,0.157661,1.081388,1.038763,0.236814,0.242636,0.174728,0.149376,0.169649,0.543979,0.688717
45,0.211781,0.181711,0.251853,0.212137,0.139022,0.619804,0.209317,0.135708,0.392671,0.130742,0.130126,0.368075,0.155900,0.261119,0.332510,0.273655,0.280180,0.190939,0.264172,0.314688,0.254091,0.267035,0.202827,0.157651,0.349415,0.264379,0.299634,0.344029,0.369058,0.295561,0.385933,0.233007,0.471894,0.262480,0.158909,0.186095,0.148195,1.295120,0.277513,0.291230,0.288206,0.148057,0.175146,0.163919,0.359344,0.749830
46,0.157059,0.199040,0.293139,0.114520,0.189877,0.571865,0.160552,0.170867,0.354229,0.142125,0.143176,0.537767,0.183762,0.254485,0.330675,0.307981,0.281128,0.199199,0.369360,0.345526,0.153182,0.386808,0.202871,0.207486,0.396431,0.244672,0.330877,0.327096,0.374922,0.306809,0.369706,0.251341,0.640394,0.348560,0.147222,0.185535,0.129100,0.759924,0.256790,0.475616,0.210103,0.174543,0.184239,0.197923,0.272084,1.050765
47,0.170048,0.178518,0.235111,0.220881,0.170355,0.380374,0.233304,0.140033,0.330873,0.161813,0.116100,0.214992,0.167636,0.236842,0.330868,0.282646,0.302464,0.186363,0.264326,0.320146,0.252462,0.183000,0.203013,0.193019,0.409207,0.227951,0.350705,0.363339,0.394325,0.319422,0.414105,0.259105,0.509904,0.186024,0.174911,0.210120,0.149289,0.735934,0.171997,0.247250,0.481174,0.165012,0.175215,0.189092,1.065378,0.461918
48,0.243973,0.182959,0.224844,0.204547,0.175532,0.344753,0.230423,0.203255,0.356923,0.159908,0.099388,0.216844,0.231553,0.251884,0.314734,0.310137,0.307213,0.203087,0.286771,0.303590,0.161049,0.314506,0.202995,0.218168,0.355531,0.221385,0.349155,0.328666,0.452071,0.340346,0.379693,0.258064,0.302101,0.171570,0.175935,0.209546,0.135264,0.651817,0.526764,0.309740,0.296618,0.188353,0.265658,0.260034,0.826206,0.418278
49,0.293276,0.176911,0.308487,0.171412,0.188556,0.269828,0.223547,0.123076,0.265768,0.157733,0.128276,0.567007,0.174193,0.272476,0.324816,0.282304,0.315322,0.192721,0.194686,0.330753,0.189420,0.145715,0.194008,0.184947,0.298158,0.252455,0.313034,0.365766,0.466988,0.348853,0.346163,0.254715,0.487991,0.186843,0.187189,0.190774,0.125506,0.528985,0.245461,0.328377,0.356264,0.173828,0.155255,0.210404,0.719610,1.780452
50,0.185231,0.175866,0.225654,0.139661,0.198859,0.253922,0.248321,0.139052,0.281594,0.156263,0.129233,0.382063,0.206939,0.254953,0.341976,0.282884,0.319276,0.178701,0.309912,0.291575,0.238831,0.216537,0.180885,0.184152,0.350327,0.258409,0.277048,0.323791,0.450561,0.347600,0.319069,0.232028,0.296347,0.123697,0.191919,0.206642,0.184745,0.480880,0.221169,0.363360,0.251652,0.193482,0.134551,0.231863,1.033716,0.424942
51,0.244379,0.175251,0.317373,0.232489,0.163472,0.303640,0.235623,0.105398,0.270094,0.152167,0.152614,0.211399,0.183761,0.253744,0.354590,0.296007,0.290414,0.146691,0.206825,0.305146,0.173902,0.171257,0.159917,0.169721,0.270522,0.244585,0.222844,0.298537,0.423114,0.336156,0.366889,0.241191,0.541174,0.254426,0.187669,0.170051,0.116119,0.471868,0.183894,0.263231,0.324742,0.202356,0.122826,0.215722,0.736967,1.239968
52,0.170707,0.164197,0.262184,0.197469,0.176167,0.528031,0.223778,0.112153,0.245181,0.130750,0.136526,0.286002,0.199370,0.238699,0.368560,0.310789,0.306097,0.169603,0.342858,0.318382,0.194887,0.333949,0.173275,0.169775,0.339808,0.262958,0.233391,0.291345,0.359287,0.348517,0.346249,0.212232,0.487439,0.291795,0.197494,0.184605,0.153633,0.463590,0.178137,0.360961,0.252395,0.278015,0.147157,0.209929,1.240779,2.941637
53,0.263481,0.165008,0.292768,0.126802,0.240908,0.840912,0.361530,0.298295,0.313882,0.132196,0.162933,0.443814,0.191826,0.259511,0.341594,0.356528,0.286933,0.204275,0.372104,0.322549,0.174244,0.439185,0.191103,0.184431,0.375125,0.255490,0.257632,0.315617,0.371179,0.323759,0.367389,0.287832,0.763520,0.419942,0.169017,0.168509,0.151537,0.556305,0.409294,0.535031,0.611203,0.231506,0.159568,0.192736,2.747080,3.575269
54,0.128870,0.159168,0.251577,0.131490,0.246046,0.445518,0.227832,0.117007,0.247610,0.140273,0.149203,0.256499,0.176976,0.249048,0.343326,0.350898,0.298466,0.212380,0.564990,0.412735,0.340427,0.255052,0.184958,0.166904,0.400589,0.236909,0.290691,0.337077,0.364617,0.303495,0.386824,0.229552,0.451419,0.176768,0.172702,0.201264,0.149036,0.490520,0.160957,0.212977,0.630545,0.171477,0.235289,0.232963,1.277463,1.407230
55,0.196071,0.154734,0.301385,0.227110,0.192872,0.380289,0.218202,0.154741,0.291787,0.145041,0.136320,0.282548,0.184464,0.257577,0.323089,0.363187,0.300111,0.200630,0.218734,0.330467,0.268062,0.237701,0.205153,0.166100,0.404730,0.238770,0.332225,0.356066,0.377239,0.295373,0.374510,0.210274,0.507414,0.189660,0.156357,0.220232,0.147310,0.463413,0.257415,0.349350,0.228961,0.227310,0.298174,0.291720,1.681607,0.457224
56,0.464356,0.162735,0.384709,0.169320,0.165779,0.402285,0.173893,0.152062,0.359333,0.147150,0.120925,0.239191,0.186658,0.265555,0.313432,0.331259,0.308263,0.213708,0.220790,0.318618,0.159713,0.168367,0.228093,0.196683,0.390943,0.272705,0.365337,0.389846,0.410198,0.284999,0.399033,0.227568,0.474468,0.178084,0.160713,0.224215,0.163434,0.429291,0.255242,0.519611,0.168145,0.178111,0.228075,0.251955,1.336310,0.682290
57,0.380085,0.167109,0.321781,0.232696,0.142093,0.479645,0.263832,0.236702,0.324764,0.144204,0.089403,0.334958,0.204495,0.251191,0.289086,0.332685,0.297538,0.207889,0.196016,0.286363,0.157345,0.180137,0.213147,0.209615,0.355174,0.241434,0.365651,0.349886,0.425053,0.288575,0.396940,0.249607,0.396687,0.152461,0.157679,0.217283,0.166991,0.396686,0.300983,0.400930,0.144538,0.175371,0.188869,0.247185,1.078375,0.766266
58,0.305729,0.180282,0.358343,0.250954,0.172612,1.109094,0.679401,0.344480,0.743715,0.133691,0.085195,0.485372,0.198754,0.237052,0.310655,0.317159,0.319823,0.200075,0.552390,0.280953,0.263939,0.319433,0.229164,0.201330,0.331865,0.243698,0.359585,0.310193,0.393744,0.301841,0.389693,0.277496,0.506292,0.436926,0.164561,0.220257,0.133668,0.669160,0.846436,1.063735,0.527196,0.172641,0.166826,0.208845,1.257635,0.641015
59,0.234967,0.178222,0.237982,0.265509,0.216806,0.677815,0.580258,0.317085,0.325683,0.149470,0.075591,0.424139,0.192010,0.266151,0.309604,0.311277,0.313827,0.222745,0.326121,0.281398,0.139087,0.195056,0.237393,0.179730,0.435344,0.246476,0.361562,0.360578,0.428936,0.285142,0.405020,0.299339,0.912209,0.713536,0.176409,0.225154,0.130694,0.564496,0.668486,0.417392,0.195568,0.197391,0.162884,0.227413,0.814888,0.390006
60,0.270347,0.172422,0.245577,0.219082,0.284467,0.500570,0.270766,0.188863,0.310586,0.174624,0.202907,0.279748,0.163636,0.215734,0.385745,0.281657,0.405106,0.190371,0.311903,0.268436,0.218262,0.287186,0.262547,0.239140,0.382799,0.298998,0.310480,0.379728,0.432861,0.241798,0.408384,0.317073,0.407114,0.241340,0.231160,0.273303,0.285352,0.571641,0.387169,0.392944,0.195331,0.138226,0.209099,0.206243,3.197681,0.522649
61,0.223717,0.186765,0.261818,0.368368,0.159445,0.354349,0.258132,0.108448,0.344565,0.164188,0.119087,0.391138,0.184232,0.262246,0.316410,0.373967,0.301154,0.158200,0.529363,0.399336,0.348614,0.259524,0.196826,0.146009,0.561018,0.207893,0.360383,0.313947,0.384833,0.338873,0.389510,0.288573,0.616386,0.989175,0.164852,0.193933,0.186878,0.515759,0.339388,0.454033,0.386320,0.174991,0.136475,0.183977,0.638779,0.222553
62,0.245745,0.183804,0.200828,0.288794,0.164395,0.369211,0.179557,0.111949,0.283663,0.154695,0.149431,0.595998,0.187316,0.297197,0.275983,0.388095,0.284891,0.187554,0.262487,0.334050,0.206112,0.353666,0.189452,0.178305,0.364456,0.233242,0.302246,0.353091,0.460556,0.325989,0.385872,0.224393,0.273966,0.193010,0.163843,0.171777,0.127913,0.582263,0.925718,0.385564,0.238307,0.172991,0.159983,0.211650,0.497592,0.635403
63,0.140562,0.182883,0.201486,0.181303,0.160832,0.386577,0.213753,0.143315,0.354626,0.152957,0.165567,0.810023,0.188125,0.284059,0.284258,0.387758,0.287633,0.159210,0.490804,0.360923,0.243883,0.385749,0.187268,0.186746,0.355033,0.233109,0.291915,0.305051,0.425864,0.342250,0.367672,0.207003,0.347355,0.356030,0.152823,0.171041,0.133492,0.728937,0.955550,0.423327,0.382493,0.192422,0.143467,0.226923,0.494800,0.543194
64,0.169710,0.175737,0.196601,0.310275,0.163192,0.604921,0.298882,0.217260,0.367669,0.151742,0.168077,0.698502,0.194449,0.300275,0.302213,0.369526,0.298177,0.162055,0.429562,0.369813,0.302205,0.283626,0.176882,0.173282,0.375751,0.247796,0.297501,0.342411,0.417550,0.338779,0.393902,0.245903,0.362061,0.265810,0.159410,0.182154,0.141435,0.627889,0.625585,0.424581,0.243786,0.225458,0.141390,0.242041,0.807900,0.272583
65,0.134455,0.157069,0.245232,0.118491,0.173270,0.618259,0.331648,0.143521,0.315432,0.153673,0.152690,0.558957,0.179732,0.290799,0.340478,0.342408,0.299701,0.160562,0.253608,0.321592,0.192366,0.405922,0.177649,0.180815,0.388614,0.252493,0.251877,0.325412,0.394166,0.333633,0.399050,0.228726,0.589214,0.363641,0.168994,0.207473,0.158133,0.516333,0.333989,0.379036,0.455145,0.180172,0.134167,0.215528,0.593878,0.417635
66,0.122247,0.161416,0.240660,0.112925,0.159451,0.628008,0.378534,0.150532,0.340706,0.146057,0.163128,0.280460,0.189125,0.305140,0.320141,0.351420,0.296761,0.166715,0.247502,0.331296,0.221541,0.238335,0.170961,0.176355,0.374440,0.255591,0.279704,0.331992,0.390523,0.336225,0.397913,0.221465,0.465444,0.447930,0.167739,0.205722,0.159845,0.457674,0.563213,0.236570,0.256258,0.232173,0.136613,0.227969,0.655994,0.439889
67,0.181411,0.159477,0.254986,0.103686,0.179959,0.416131,0.247991,0.201697,0.317801,0.141147,0.158464,0.274576,0.198406,0.310417,0.333415,0.336342,0.308107,0.188964,0.252607,0.324153,0.142438,0.164359,0.172974,0.170213,0.407674,0.256521,0.290137,0.334822,0.367467,0.330023,0.384474,0.209080,0.656968,0.773249,0.174526,0.214853,0.143479,0.480191,0.424773,0.250453,0.468587,0.220074,0.146932,0.211681,0.744645,0.262081
68,0.224575,0.165274,0.284288,0.156680,0.225380,0.358756,0.216087,0.108648,0.319144,0.137215,0.151108,0.252535,0.197850,0.307175,0.328745,0.329747,0.308194,0.223572,0.244185,0.315786,0.151620,0.185119,0.176248,0.158768,0.423045,0.250346,0.302848,0.324778,0.370418,0.317818,0.390315,0.231598,0.614285,0.738473,0.175358,0.215510,0.147136,0.489784,0.214071,0.288977,0.421704,0.223710,0.155328,0.215084,0.870259,0.248846
69,0.275220,0.159751,0.279900,0.172741,0.296646,0.424112,0.272740,0.172950,0.326829,0.127745,0.128639,0.218450,0.189934,0.277750,0.351163,0.303340,0.323816,0.265287,0.496829,0.284097,0.199637,0.164809,0.182028,0.167467,0.438889,0.236440,0.299146,0.330143,0.351327,0.303779,0.362242,0.199757,0.699892,0.660208,0.168899,0.219393,0.157995,0.465456,0.181350,0.386019,0.546972,0.163837,0.152042,0.211981,0.584284,0.261575
70,0.225445,0.155495,0.266315,0.260633,0.269712,0.446669,0.294910,0.151691,0.344379,0.125650,0.127237,0.186776,0.189915,0.274012,0.344087,0.319406,0.336218,0.286671,0.363335,0.275978,0.181079,0.190032,0.188213,0.176276,0.391571,0.239365,0.317583,0.358831,0.365640,0.298633,0.399834,0.218426,0.310218,0.365505,0.163245,0.238307,0.202509,0.382651,0.174514,0.370252,0.623487,0.141749,0.200538,0.228790,0.470748,0.257648
71,0.284003,0.144030,0.251103,0.272296,0.264061,0.428125,0.328866,0.141915,0.326217,0.123292,0.104903,0.176426,0.162734,0.240952,0.373544,0.311901,0.333883,0.229894,0.299892,0.213622,0.181389,0.306625,0.191505,0.200328,0.344655,0.244488,0.288542,0.367831,0.381641,0.289709,0.404283,0.207909,0.995891,2.103537,0.170663,0.232493,0.134971,0.902862,0.237021,0.591792,0.276552,0.190775,0.286793,0.251035,1.236529,0.295365
72,0.215607,0.166394,0.282360,0.177063,0.192067,0.317421,0.270243,0.148016,0.302585,0.117167,0.112797,0.340376,0.184050,0.238360,0.338476,0.319300,0.355491,0.243146,0.226165,0.252197,0.132234,0.355831,0.206788,0.181256,0.409162,0.216472,0.349856,0.391247,0.383051,0.274901,0.410892,0.245953,0.751477,1.295400,0.187340,0.231848,0.114219,0.612168,0.219136,0.773270,0.378234,0.181452,0.271312,0.265670,0.734886,0.261606
73,0.239568,0.204052,0.276297,0.123810,0.156905,0.359286,0.187816,0.108075,0.303147,0.128883,0.124996,0.390448,0.172916,0.246178,0.288211,0.356470,0.339025,0.215612,0.348928,0.321282,0.289652,0.415883,0.210750,0.151958,0.537774,0.197763,0.367016,0.372070,0.416299,0.276922,0.362973,0.198909,0.445321,0.657630,0.186159,0.199540,0.122291,0.445236,0.194642,0.799868,0.414641,0.171647,0.213421,0.227179,0.561517,0.254251
74,0.294456,0.167884,0.304566,0.354625,0.107900,0.338433,0.186521,0.136452,0.295198,0.133367,0.111908,0.551071,0.167447,0.220265,0.338065,0.324927,0.338111,0.166497,0.328224,0.211561,0.222279,0.366675,0.210250,0.186514,0.338613,0.228139,0.333258,0.369036,0.405405,0.267074,0.417414,0.310099,0.380867,0.255503,0.189045,0.231974,0.143213,0.399880,0.187049,0.749597,0.293773,0.152395,0.197897,0.232560,1.276365,0.276259
75,0.231049,0.214473,0.252063,0.207985,0.143779,0.520247,0.166313,0.112859,0.370666,0.143243,0.135005,0.259276,0.179578,0.250577,0.282629,0.343788,0.329228,0.153108,0.686473,0.388261,0.291715,0.315620,0.211024,0.167939,0.433503,0.231706,0.368724,0.359274,0.413329,0.274914,0.421516,0.243184,0.375311,0.276097,0.156967,0.232652,0.121772,0.510060,0.237634,0.351388,0.852578,0.195636,0.158333,0.198622,0.775287,0.265881
76,0.232986,0.169475,0.183656,0.302497,0.136981,0.454746,0.181730,0.148783,0.291242,0.139806,0.117776,0.262171,0.180796,0.236869,0.325402,0.330540,0.315813,0.166524,0.261921,0.271071,0.197075,0.243903,0.196238,0.198908,0.351828,0.244638,0.349255,0.378266,0.401943,0.271571,0.401433,0.228400,0.410426,0.242243,0.164757,0.234579,0.161641,0.403718,0.304302,0.488491,0.819049,0.164910,0.164483,0.204301,0.709750,0.248816
77,0.188003,0.189199,0.194816,0.222508,0.238817,0.369681,0.191955,0.137882,0.322038,0.155364,0.128102,0.210993,0.180911,0.271395,0.294365,0.337815,0.305015,0.166635,0.242404,0.301227,0.248998,0.247350,0.189037,0.207411,0.344734,0.265149,0.349274,0.379134,0.405730,0.280372,0.391165,0.251666,0.401595,0.179506,0.155760,0.236577,0.152880,0.515141,0.242473,0.609812,1.003900,0.225620,0.141982,0.210956,0.671680,0.238591
78,0.256769,0.162696,0.184880,0.261233,0.215577,0.337960,0.187066,0.144518,0.367435,0.135569,0.110856,0.265134,0.200233,0.270676,0.334799,0.332927,0.302624,0.174935,0.246535,0.316989,0.162739,0.215256,0.206211,0.196448,0.370221,0.259065,0.367197,0.382891,0.371211,0.299353,0.410284,0.235430,0.260478,0.132948,0.162512,0.242702,0.196055,0.508754,0.210548,0.594451,0.240453,0.216701,0.139109,0.184957,0.776451,0.251960
79,0.224747,0.180909,0.250864,0.221552,0.248877,0.330314,0.202386,0.129921,0.331829,0.141339,0.129795,0.266612,0.202039,0.298337,0.305192,0.334487,0.294684,0.209203,0.295443,0.340417,0.206876,0.227709,0.205893,0.184076,0.371524,0.273338,0.356730,0.374984,0.380968,0.307823,0.391589,0.201044,0.368875,0.372450,0.162424,0.229600,0.131211,0.488893,0.191105,0.379468,0.425707,0.246285,0.166056,0.192624,0.799737,0.340594
80,0.320438,0.165040,0.304724,0.204364,0.297241,0.342343,0.182613,0.116373,0.299944,0.153909,0.124224,0.283555,0.191648,0.284328,0.317538,0.325097,0.285261,0.236057,0.221439,0.336647,0.321608,0.197327,0.186460,0.154497,0.357749,0.248257,0.343753,0.393970,0.391860,0.302105,0.387022,0.175090,0.467502,0.237394,0.173223,0.219767,0.196989,0.473361,0.256346,0.408878,1.126873,0.220901,0.140634,0.202849,0.666390,0.327184
81,0.543007,0.177105,0.246655,0.152569,0.157690,0.577815,0.218008,0.101255,0.344889,0.151792,0.136288,0.642027,0.200400,0.297407,0.305824,0.333176,0.308965,0.200376,0.344870,0.348137,0.173169,0.264308,0.187056,0.171119,0.558281,0.266689,0.328205,0.391055,0.388995,0.315438,0.363979,0.244239,0.421833,0.298470,0.218154,0.263930,0.171705,0.628620,0.229752,1.009266,2.021456,0.239447,0.147878,0.204656,0.809838,0.306180
82,0.283140,0.181382,0.298632,0.134278,0.118344,0.304543,0.184923,0.124197,0.362567,0.154374,0.139983,0.273784,0.197793,0.283572,0.312358,0.331204,0.314520,0.200595,0.321391,0.317733,0.241442,0.238781,0.186402,0.182626,0.414535,0.249306,0.329284,0.386211,0.391837,0.316369,0.389037,0.211067,0.470072,0.197088,0.222030,0.271768,0.256478,0.621737,0.201286,0.678201,1.202877,0.170802,0.163936,0.267939,0.654373,0.330993
83,0.259608,0.176486,0.394785,0.156756,0.143574,0.384480,0.258844,0.105207,0.320086,0.150413,0.134186,0.284524,0.174559,0.249582,0.364153,0.334346,0.333864,0.179254,0.346366,0.276287,0.170763,0.234588,0.167164,0.183922,0.467607,0.230307,0.310438,0.455753,0.398588,0.308092,0.381180,0.189208,0.466541,0.141217,0.193147,0.227110,0.126551,0.628319,0.191374,0.606273,0.340220,0.159821,0.188254,0.227412,0.815568,0.302130
84,0.141419,0.199451,0.364003,0.198381,0.139234,0.841942,0.208880,0.091478,0.408988,0.138963,0.142215,0.214088,0.182493,0.259944,0.329190,0.333523,0.355185,0.188433,0.508834,0.323796,0.347320,0.260808,0.198015,0.189288,0.515696,0.275334,0.322426,0.400693,0.400520,0.316963,0.422816,0.196659,0.992769,0.603105,0.182507,0.223948,0.138630,0.858496,0.949583,0.343155,0.777428,0.175828,0.173578,0.221126,1.051777,0.279736
85,0.597638,0.189279,0.449233,0.414174,0.383292,1.241004,0.252684,0.139115,0.438099,0.130275,0.138598,0.300583,0.187219,0.230220,0.395130,0.348467,0.372449,0.269454,0.708229,0.301920,0.284815,0.276632,0.188092,0.196800,0.680506,0.232174,0.324033,0.481021,0.391524,0.318477,0.546578,0.330483,0.756786,0.979877,0.265545,0.267648,0.226847,1.207682,0.448797,0.211469,2.443807,0.157543,0.220061,0.256033,2.768312,0.604463
