bone,epoch,metric,v9,v10,delta(v10-v9)
Bip001,1,AngVelMAE,0.018102509900927544,0.015057659335434436,-0.003044850565493107
Bip001,1,AngVelMagMAE,0.013402285240590572,0.013235015608370305,-0.00016726963222026686
Bip001,2,AngVelMAE,0.007690140046179295,0.007480371370911598,-0.00020976867526769673
Bip001,2,AngVelMagMAE,0.006735637225210667,0.006024287827312946,-0.0007113493978977209
Bip001,3,AngVelMAE,0.005941329244524241,0.004933430440723896,-0.001007898803800345
Bip001,3,AngVelMagMAE,0.005510014668107033,0.004467771248891949,-0.0010422434192150836
Bip001,4,AngVelMAE,0.004730070289224386,0.00414453954435885,-0.0005855307448655363
Bip001,4,AngVelMagMAE,0.004174618143588304,0.003597506694495678,-0.0005771114490926263
Bip001,5,AngVelMAE,0.004023657506331801,0.0044193767942488195,0.00039571928791701846
Bip001,5,AngVelMagMAE,0.0036366036627441646,0.003897560527548194,0.0002609568648040293
Bip001,6,AngVelMAE,0.003701411560177803,0.004633808415383101,0.0009323968552052979
Bip001,6,AngVelMagMAE,0.00335471392609179,0.004294190881773829,0.000939476955682039
Bip001,7,AngVelMAE,0.004037229530513287,0.004798585083335638,0.0007613555528223513
Bip001,7,AngVelMagMAE,0.0037408591248095035,0.0047328338958323,0.0009919747710227969
Bip001,8,AngVelMAE,0.0041820242069661616,0.004922918695956469,0.0007408944889903072
Bip001,8,AngVelMagMAE,0.003798687970265746,0.004879459738731384,0.0010807717684656382
Bip001,9,AngVelMAE,0.004620198626071215,0.005325730424374342,0.0007055317983031273
Bip001,9,AngVelMagMAE,0.004111424554139376,0.005168163776397705,0.001056739222258329
Bip001,10,AngVelMAE,0.005307109281420708,0.006126936431974173,0.0008198271505534651
Bip001,10,AngVelMagMAE,0.0049217820167541506,0.005630540102720261,0.0007087580859661104
Bip001,11,AngVelMAE,0.006030315812677145,0.006715724989771843,0.000685409177094698
Bip001,11,AngVelMagMAE,0.005552931688725948,0.005865658726543188,0.0003127270378172394
Bip001,12,AngVelMAE,0.006545350048691034,0.006784299109131098,0.000238949060440064
Bip001,12,AngVelMagMAE,0.006108821835368872,0.005948113929480314,-0.00016070790588855726
LCalfTwist_01,1,AngVelMAE,0.029682136327028274,0.035701106488704684,0.00601897016167641
LCalfTwist_01,1,AngVelMagMAE,0.05959747284650803,0.07922594398260116,0.01962847113609313
LCalfTwist_01,2,AngVelMAE,0.013257881067693234,0.017815228179097177,0.004557347111403943
LCalfTwist_01,2,AngVelMagMAE,0.02786565348505974,0.03947686553001404,0.0116112120449543
LCalfTwist_01,3,AngVelMAE,0.01057247444987297,0.010992414690554142,0.00041994024068117176
LCalfTwist_01,3,AngVelMagMAE,0.021782445535063744,0.023840317875146864,0.00205787234008312
LCalfTwist_01,4,AngVelMAE,0.007752893585711717,0.00939747653901577,0.0016445829533040524
LCalfTwist_01,4,AngVelMagMAE,0.016178939677774905,0.020596978440880775,0.004418038763105869
LCalfTwist_01,5,AngVelMAE,0.008062217384576797,0.010243100859224797,0.0021808834746479995
LCalfTwist_01,5,AngVelMagMAE,0.01720745861530304,0.02273186519742012,0.005524406582117079
LCalfTwist_01,6,AngVelMAE,0.00813840925693512,0.012081696465611459,0.0039432872086763385
LCalfTwist_01,6,AngVelMagMAE,0.01780351288616657,0.028215371072292328,0.010411858186125757
LCalfTwist_01,7,AngVelMAE,0.008962280303239822,0.012087088637053966,0.0031248083338141445
LCalfTwist_01,7,AngVelMagMAE,0.019855186343193054,0.02808617725968361,0.008230990916490554
LCalfTwist_01,8,AngVelMAE,0.011039672046899795,0.013932161219418048,0.002892489172518253
LCalfTwist_01,8,AngVelMagMAE,0.024426713958382605,0.03304602988064289,0.008619315922260284
LCalfTwist_01,9,AngVelMAE,0.013354125805199147,0.01678410917520523,0.003429983370006084
LCalfTwist_01,9,AngVelMagMAE,0.029783351719379424,0.03995646014809608,0.01017310842871666
LCalfTwist_01,10,AngVelMAE,0.016003534942865372,0.0207361813634634,0.004732646420598029
LCalfTwist_01,10,AngVelMagMAE,0.037149150669574735,0.05043655261397362,0.013287401944398883
LCalfTwist_01,11,AngVelMAE,0.019668123498559,0.02525787428021431,0.005589750781655311
LCalfTwist_01,11,AngVelMagMAE,0.046622855216264726,0.062417320907115936,0.01579446569085121
LCalfTwist_01,12,AngVelMAE,0.022362785041332246,0.02690575011074543,0.004542965069413183
LCalfTwist_01,12,AngVelMagMAE,0.05357748940587044,0.06675209999084472,0.01317461058497428
LCalfTwist_02,1,AngVelMAE,0.009654748253524303,0.007304110564291477,-0.0023506376892328262
LCalfTwist_02,1,AngVelMagMAE,0.02538001872599125,0.019264829531311988,-0.006115189194679262
LCalfTwist_02,2,AngVelMAE,0.004686114192008972,0.0032933050766587257,-0.0013928091153502463
LCalfTwist_02,2,AngVelMagMAE,0.012653827853500842,0.008344270754605532,-0.004309557098895311
LCalfTwist_02,3,AngVelMAE,0.003086375305429101,0.002116777468472719,-0.0009695978369563818
LCalfTwist_02,3,AngVelMagMAE,0.008527656830847264,0.005746409110724926,-0.002781247720122338
LCalfTwist_02,4,AngVelMAE,0.0024708629585802554,0.0019626843044534326,-0.0005081786541268228
LCalfTwist_02,4,AngVelMagMAE,0.007002466358244419,0.005262514296919108,-0.0017399520613253115
LCalfTwist_02,5,AngVelMAE,0.0020744195207953453,0.0018697848776355387,-0.00020463464315980664
LCalfTwist_02,5,AngVelMagMAE,0.005793072190135718,0.005078852456063032,-0.0007142197340726858
LCalfTwist_02,6,AngVelMAE,0.001719493977725506,0.0018331771017983556,0.00011368312407284971
LCalfTwist_02,6,AngVelMagMAE,0.004830278549343347,0.00497706737369299,0.0001467888243496425
LCalfTwist_02,7,AngVelMAE,0.0018328123725950718,0.0016633852850645781,-0.0001694270875304937
LCalfTwist_02,7,AngVelMagMAE,0.005078713409602642,0.004537536669522524,-0.0005411767400801178
LCalfTwist_02,8,AngVelMAE,0.00197489105630666,0.001809540600515902,-0.0001653504557907581
LCalfTwist_02,8,AngVelMagMAE,0.005455095786601305,0.004987269453704357,-0.00046782633289694803
LCalfTwist_02,9,AngVelMAE,0.0019200696842744946,0.0019146345322951675,-5.4351519793271585e-06
LCalfTwist_02,9,AngVelMagMAE,0.005328404065221548,0.005330203752964735,1.7996877431872976e-06
LCalfTwist_02,10,AngVelMAE,0.0020368934143334626,0.0018412822857499123,-0.00019561112858355032
LCalfTwist_02,10,AngVelMagMAE,0.005724489036947489,0.005114664137363434,-0.000609824899584055
LCalfTwist_02,11,AngVelMAE,0.0020094345090910792,0.0019146226579323411,-9.481185115873809e-05
LCalfTwist_02,11,AngVelMagMAE,0.005612621456384659,0.005231077596545219,-0.0003815438598394399
LCalfTwist_02,12,AngVelMAE,0.001861840602941811,0.0019570072181522846,9.516661521047354e-05
LCalfTwist_02,12,AngVelMagMAE,0.0051866346970200535,0.005354222189635038,0.00016758749261498469
LCalfTwist_03,1,AngVelMAE,0.008731270395219325,0.007325208559632301,-0.0014060618355870242
LCalfTwist_03,1,AngVelMagMAE,0.023350611329078674,0.019062701240181924,-0.00428791008889675
LCalfTwist_03,2,AngVelMAE,0.004778153914958239,0.0033223040401935576,-0.0014558498747646812
LCalfTwist_03,2,AngVelMagMAE,0.013536641560494899,0.009357297047972678,-0.004179344512522221
LCalfTwist_03,3,AngVelMAE,0.0023572162725031378,0.0018805136438459157,-0.00047670262865722205
LCalfTwist_03,3,AngVelMagMAE,0.006682802271097898,0.0055018126033246515,-0.0011809896677732468
LCalfTwist_03,4,AngVelMAE,0.001972350920550525,0.0019352656323462724,-3.708528820425263e-05
LCalfTwist_03,4,AngVelMagMAE,0.005637249629944563,0.005738565325736999,0.00010131569579243608
LCalfTwist_03,5,AngVelMAE,0.0017801904585212469,0.0019748183200135826,0.00019462786149233575
LCalfTwist_03,5,AngVelMagMAE,0.0050491921603679655,0.005755305197089911,0.0007061130367219453
LCalfTwist_03,6,AngVelMAE,0.0014236485818400978,0.0017838952597230672,0.0003602466778829694
LCalfTwist_03,6,AngVelMagMAE,0.0042047550901770595,0.005217909347265959,0.0010131542570888993
LCalfTwist_03,7,AngVelMAE,0.0015464770141988993,0.001896546338684857,0.0003500693244859576
LCalfTwist_03,7,AngVelMagMAE,0.004574089031666517,0.005494439508765936,0.0009203504770994185
LCalfTwist_03,8,AngVelMAE,0.0017999141942709684,0.002331510279327631,0.0005315960850566627
LCalfTwist_03,8,AngVelMagMAE,0.0052626200020313265,0.006784679554402828,0.001522059552371502
LCalfTwist_03,9,AngVelMAE,0.002035190723836422,0.0026155476458370685,0.0005803569220006466
LCalfTwist_03,9,AngVelMagMAE,0.005950204376131296,0.00763159841299057,0.0016813940368592744
LCalfTwist_03,10,AngVelMAE,0.002326250309124589,0.0027332833502441644,0.0004070330411195754
LCalfTwist_03,10,AngVelMagMAE,0.0065733778290450575,0.007997853681445122,0.0014244758524000643
LCalfTwist_03,11,AngVelMAE,0.002450216980651021,0.002618312742561102,0.00016809576191008065
LCalfTwist_03,11,AngVelMagMAE,0.006945401802659035,0.007642701920121908,0.0006973001174628733
LCalfTwist_03,12,AngVelMAE,0.00237104338593781,0.0025582156609743833,0.00018717227503657315
LCalfTwist_03,12,AngVelMagMAE,0.006845363229513168,0.007484989427030087,0.0006396261975169185
L_ForeTwist_01,1,AngVelMAE,0.05642208978533745,0.02883462533354759,-0.027587464451789858
L_ForeTwist_01,1,AngVelMagMAE,0.14091190099716186,0.07739466428756714,-0.06351723670959472
L_ForeTwist_01,2,AngVelMAE,0.015503192320466042,0.012260934524238109,-0.0032422577962279327
L_ForeTwist_01,2,AngVelMagMAE,0.041076379269361495,0.03243357613682747,-0.008642803132534023
L_ForeTwist_01,3,AngVelMAE,0.009764770232141017,0.008032673131674528,-0.0017320971004664894
L_ForeTwist_01,3,AngVelMagMAE,0.02536883354187012,0.020484842732548712,-0.004883990809321406
L_ForeTwist_01,4,AngVelMAE,0.007251262944191694,0.009475011564791202,0.0022237486205995078
L_ForeTwist_01,4,AngVelMagMAE,0.018923696875572205,0.025487277284264566,0.006563580408692361
L_ForeTwist_01,5,AngVelMAE,0.007282958272844553,0.011534235998988151,0.004251277726143598
L_ForeTwist_01,5,AngVelMagMAE,0.019212540984153748,0.031534505635499956,0.012321964651346207
L_ForeTwist_01,6,AngVelMAE,0.009554515033960343,0.011793832108378411,0.0022393170744180683
L_ForeTwist_01,6,AngVelMagMAE,0.02542659342288971,0.03237438872456551,0.006947795301675799
L_ForeTwist_01,7,AngVelMAE,0.01138431578874588,0.011449447087943553,6.51312991976731e-05
L_ForeTwist_01,7,AngVelMagMAE,0.030667609721422195,0.031502838060259816,0.0008352283388376215
L_ForeTwist_01,8,AngVelMAE,0.011274060606956482,0.01297189835458994,0.0016978377476334575
L_ForeTwist_01,8,AngVelMagMAE,0.029956713691353797,0.035735026746988294,0.005778313055634497
L_ForeTwist_01,9,AngVelMAE,0.010288605652749538,0.013033272325992584,0.002744666673243046
L_ForeTwist_01,9,AngVelMagMAE,0.027218814939260483,0.03580674603581428,0.0085879310965538
L_ForeTwist_01,10,AngVelMAE,0.010812897235155106,0.01362973526120186,0.0028168380260467536
L_ForeTwist_01,10,AngVelMagMAE,0.02829827554523945,0.037429121881723405,0.009130846336483957
L_ForeTwist_01,11,AngVelMAE,0.011079040355980396,0.012898094207048415,0.0018190538510680192
L_ForeTwist_01,11,AngVelMagMAE,0.028841475397348403,0.035537046194076535,0.006695570796728133
L_ForeTwist_01,12,AngVelMAE,0.011307351477444171,0.012017948739230632,0.0007105972617864609
L_ForeTwist_01,12,AngVelMagMAE,0.0296269990503788,0.03309761360287666,0.0034706145524978638
L_ForeTwist_02,1,AngVelMAE,0.0024225686909630896,0.0021640364080667495,-0.00025853228289634015
L_ForeTwist_02,1,AngVelMagMAE,0.007096430473029614,0.006437189131975174,-0.0006592413410544395
L_ForeTwist_02,2,AngVelMAE,0.0011816880432888865,0.0009319534641690552,-0.00024973457911983135
L_ForeTwist_02,2,AngVelMagMAE,0.0035441676154732704,0.0027682467363774775,-0.0007759208790957929
L_ForeTwist_02,3,AngVelMAE,0.0007388570229522884,0.0007825060747563839,4.364905180409551e-05
L_ForeTwist_02,3,AngVelMagMAE,0.00221573431044817,0.0023313212674111127,0.0001155869569629429
L_ForeTwist_02,4,AngVelMAE,0.0005795145989395678,0.0005201874650083482,-5.93271339312196e-05
L_ForeTwist_02,4,AngVelMagMAE,0.001737785548903048,0.0015553688630461694,-0.00018241668585687858
L_ForeTwist_02,5,AngVelMAE,0.0005967761855572463,0.0005662226350978017,-3.055355045944452e-05
L_ForeTwist_02,5,AngVelMagMAE,0.0017895674798637628,0.0016937670065090061,-9.58004733547567e-05
L_ForeTwist_02,6,AngVelMAE,0.0006688236258924008,0.0006519036367535591,-1.6919989138841694e-05
L_ForeTwist_02,6,AngVelMagMAE,0.0020057150162756444,0.0019550058525055645,-5.070916377007987e-05
L_ForeTwist_02,7,AngVelMAE,0.000726794044021517,0.0006949604139663279,-3.183363005518911e-05
L_ForeTwist_02,7,AngVelMagMAE,0.0021792401559650896,0.0020820507779717445,-9.718937799334509e-05
L_ForeTwist_02,8,AngVelMAE,0.0008048287010751665,0.0008164580678567291,1.1629366781562567e-05
L_ForeTwist_02,8,AngVelMagMAE,0.0024137196596711874,0.0024468231946229934,3.310353495180598e-05
L_ForeTwist_02,9,AngVelMAE,0.0008102470892481506,0.0007541388389654457,-5.610825028270485e-05
L_ForeTwist_02,9,AngVelMagMAE,0.0024261836893856525,0.0022591300774365665,-0.00016705361194908593
L_ForeTwist_02,10,AngVelMAE,0.0009217844810336829,0.0007742988993413747,-0.0001474855816923082
L_ForeTwist_02,10,AngVelMagMAE,0.0027637597173452376,0.0023099021054804325,-0.00045385761186480513
L_ForeTwist_02,11,AngVelMAE,0.0009992706240154804,0.0008032722398638725,-0.00019599838415160784
L_ForeTwist_02,11,AngVelMagMAE,0.0029950103256851436,0.002386022266000509,-0.0006089880596846344
L_ForeTwist_02,12,AngVelMAE,0.0009517234982922673,0.0007810503360815346,-0.00017067316221073268
L_ForeTwist_02,12,AngVelMagMAE,0.0028536342084407806,0.002331647230312228,-0.0005219869781285524
RCalfTwist_01,1,AngVelMAE,0.0619371198117733,0.034490691125392915,-0.027446428686380385
RCalfTwist_01,1,AngVelMagMAE,0.1333865240216255,0.07615958303213119,-0.057226940989494324
RCalfTwist_01,2,AngVelMAE,0.018309307098388673,0.015418661199510098,-0.0028906458988785747
RCalfTwist_01,2,AngVelMagMAE,0.04121916964650154,0.03447250798344612,-0.006746661663055417
RCalfTwist_01,3,AngVelMAE,0.012758857198059559,0.011226398311555386,-0.0015324588865041726
RCalfTwist_01,3,AngVelMagMAE,0.03004951439797878,0.024803004413843154,-0.005246509984135627
RCalfTwist_01,4,AngVelMAE,0.011092097312211991,0.011596275120973587,0.0005041778087615956
RCalfTwist_01,4,AngVelMagMAE,0.02626020647585392,0.027115126326680183,0.0008549198508262627
RCalfTwist_01,5,AngVelMAE,0.013064868003129958,0.01338391937315464,0.0003190513700246818
RCalfTwist_01,5,AngVelMagMAE,0.03165725991129875,0.03238658979535103,0.0007293298840522766
RCalfTwist_01,6,AngVelMAE,0.01438060775399208,0.012721315026283264,-0.0016592927277088165
RCalfTwist_01,6,AngVelMagMAE,0.03450856283307076,0.030768467485904692,-0.0037400953471660656
RCalfTwist_01,7,AngVelMAE,0.01338524352759123,0.012121881917119026,-0.0012633616104722033
RCalfTwist_01,7,AngVelMagMAE,0.03253384716808796,0.029312071204185487,-0.0032217759639024714
RCalfTwist_01,8,AngVelMAE,0.014394636452198028,0.012602904066443443,-0.0017917323857545853
RCalfTwist_01,8,AngVelMagMAE,0.03570327460765839,0.030497003346681595,-0.005206271260976794
RCalfTwist_01,9,AngVelMAE,0.017121455073356627,0.013113129325211048,-0.0040083257481455786
RCalfTwist_01,9,AngVelMagMAE,0.04346523880958557,0.03159022033214569,-0.01187501847743988
RCalfTwist_01,10,AngVelMAE,0.019083721935749053,0.015575852058827878,-0.003507869876921175
RCalfTwist_01,10,AngVelMagMAE,0.04869914427399635,0.03819265067577362,-0.010506493598222734
RCalfTwist_01,11,AngVelMAE,0.022210220992565154,0.017973096668720247,-0.004237124323844908
RCalfTwist_01,11,AngVelMagMAE,0.056850950419902804,0.04492766186594963,-0.011923288553953172
RCalfTwist_01,12,AngVelMAE,0.023312784731388092,0.018554726988077162,-0.00475805774331093
RCalfTwist_01,12,AngVelMagMAE,0.0592433862388134,0.046535341441631316,-0.012708044797182086
RCalfTwist_02,1,AngVelMAE,0.009056508354842664,0.006213137414306402,-0.0028433709405362613
RCalfTwist_02,1,AngVelMagMAE,0.024095520749688147,0.01672930046916008,-0.007366220280528066
RCalfTwist_02,2,AngVelMAE,0.0028447342570871114,0.0027823686599731446,-6.236559711396677e-05
RCalfTwist_02,2,AngVelMagMAE,0.007674495596438647,0.007568521704524755,-0.00010597389191389136
RCalfTwist_02,3,AngVelMAE,0.0023437120020389558,0.0024588996544480323,0.00011518765240907652
RCalfTwist_02,3,AngVelMagMAE,0.006227414775639773,0.006623261235654354,0.00039584646001458116
RCalfTwist_02,4,AngVelMAE,0.0016100436681881548,0.0018367009703069924,0.00022665730211883766
RCalfTwist_02,4,AngVelMagMAE,0.00443532569333911,0.004998102411627769,0.0005627767182886595
RCalfTwist_02,5,AngVelMAE,0.0014975301921367646,0.0015557443024590612,5.821411032229666e-05
RCalfTwist_02,5,AngVelMagMAE,0.004216862004250288,0.004299882426857948,8.30204226076603e-05
RCalfTwist_02,6,AngVelMAE,0.0014061182737350464,0.0012698079692199827,-0.00013631030451506372
RCalfTwist_02,6,AngVelMagMAE,0.004018132574856281,0.003528615040704608,-0.0004895175341516735
RCalfTwist_02,7,AngVelMAE,0.0012016000226140022,0.0012526654172688723,5.106539465487008e-05
RCalfTwist_02,7,AngVelMagMAE,0.003356753708794713,0.003465013112872839,0.00010825940407812587
RCalfTwist_02,8,AngVelMAE,0.001103254873305559,0.0012962033972144127,0.00019294852390885366
RCalfTwist_02,8,AngVelMagMAE,0.003111265180632472,0.0035980666521936654,0.00048680147156119355
RCalfTwist_02,9,AngVelMAE,0.0010938121937215327,0.001251811278052628,0.0001579990843310953
RCalfTwist_02,9,AngVelMagMAE,0.0030508956406265497,0.0034958125092089177,0.000444916868582368
RCalfTwist_02,10,AngVelMAE,0.001161349075846374,0.0013561643427237868,0.00019481526687741284
RCalfTwist_02,10,AngVelMagMAE,0.0032749102916568517,0.0037623707670718432,0.00048746047541499155
RCalfTwist_02,11,AngVelMAE,0.0012575170956552028,0.0014195599127560855,0.00016204281710088266
RCalfTwist_02,11,AngVelMagMAE,0.003546147746965289,0.0038380511105060577,0.0002919033635407687
RCalfTwist_02,12,AngVelMAE,0.0013897242723032832,0.001397349708713591,7.625436410307884e-06
RCalfTwist_02,12,AngVelMagMAE,0.003896069386973977,0.0037853171117603777,-0.00011075227521359929
RCalfTwist_03,1,AngVelMAE,0.007918649725615979,0.005892471224069595,-0.0020261785015463834
RCalfTwist_03,1,AngVelMagMAE,0.020996441319584846,0.016240929439663886,-0.0047555118799209595
RCalfTwist_03,2,AngVelMAE,0.0033549595158547164,0.003018820937722921,-0.0003361385781317952
RCalfTwist_03,2,AngVelMagMAE,0.00952972136437893,0.008907111175358296,-0.0006226101890206334
RCalfTwist_03,3,AngVelMAE,0.0023777613881975413,0.0018962359055876732,-0.0004815254826098681
RCalfTwist_03,3,AngVelMagMAE,0.006869440712034702,0.005568411573767662,-0.0013010291382670397
RCalfTwist_03,4,AngVelMAE,0.0016142447246238589,0.0016544303856790067,4.018566105514778e-05
RCalfTwist_03,4,AngVelMagMAE,0.00477591659873724,0.00493706464767456,0.0001611480489373202
RCalfTwist_03,5,AngVelMAE,0.0016300480347126722,0.0019003593130037188,0.00027031127829104653
RCalfTwist_03,5,AngVelMagMAE,0.0047682029195129875,0.005657779984176159,0.0008895770646631714
RCalfTwist_03,6,AngVelMAE,0.0015410833992063999,0.0016358302207663655,9.474682155996561e-05
RCalfTwist_03,6,AngVelMagMAE,0.004502878524363041,0.004900105576962232,0.0003972270525991915
RCalfTwist_03,7,AngVelMAE,0.0014812168199568986,0.0018770024878904223,0.00039578566793352365
RCalfTwist_03,7,AngVelMagMAE,0.004422960430383682,0.005629132874310017,0.001206172443926335
RCalfTwist_03,8,AngVelMAE,0.001399894943460822,0.0017380693228915335,0.00033817437943071136
RCalfTwist_03,8,AngVelMagMAE,0.0041969794314354655,0.005211958009749651,0.0010149785783141853
RCalfTwist_03,9,AngVelMAE,0.0014074310194700957,0.001771545666269958,0.0003641146467998624
RCalfTwist_03,9,AngVelMagMAE,0.0042196263559162615,0.005311034247279167,0.0010914078913629053
RCalfTwist_03,10,AngVelMAE,0.0014110228745266794,0.001796815823763609,0.00038579294923692955
RCalfTwist_03,10,AngVelMagMAE,0.00422757575288415,0.005383257940411568,0.001155682187527418
RCalfTwist_03,11,AngVelMAE,0.001509403297677636,0.00180156952701509,0.00029216622933745393
RCalfTwist_03,11,AngVelMagMAE,0.004503029491752386,0.005339693743735552,0.0008366642519831661
RCalfTwist_03,12,AngVelMAE,0.0015206767711788416,0.0017634875141084195,0.00024281074292957787
RCalfTwist_03,12,AngVelMagMAE,0.004473559465259314,0.005144581291824579,0.000671021826565265
RUpArmTwist_l_01,1,AngVelMAE,0.07646127343177796,0.06843010485172271,-0.008031168580055245
RUpArmTwist_l_01,1,AngVelMagMAE,0.09147067964076996,0.07215055078268051,-0.019320128858089453
RUpArmTwist_l_01,2,AngVelMAE,0.028001125901937485,0.02276085950434208,-0.005240266397595405
RUpArmTwist_l_01,2,AngVelMagMAE,0.03005729466676712,0.022631923854351043,-0.007425370812416076
RUpArmTwist_l_01,3,AngVelMAE,0.01955755241215229,0.016320932283997537,-0.0032366201281547533
RUpArmTwist_l_01,3,AngVelMagMAE,0.020047645643353464,0.01547379232943058,-0.0045738533139228835
RUpArmTwist_l_01,4,AngVelMAE,0.01474725902080536,0.015153245441615582,0.0004059864208102223
RUpArmTwist_l_01,4,AngVelMagMAE,0.015376847796142101,0.014560116268694401,-0.0008167315274476995
RUpArmTwist_l_01,5,AngVelMAE,0.013153745792806149,0.015125519037246704,0.001971773244440556
RUpArmTwist_l_01,5,AngVelMagMAE,0.013355104997754098,0.014673230610787869,0.0013181256130337712
RUpArmTwist_l_01,6,AngVelMAE,0.013316233083605767,0.014938495308160781,0.0016222622245550145
RUpArmTwist_l_01,6,AngVelMagMAE,0.013903763145208359,0.014620275981724263,0.0007165128365159042
RUpArmTwist_l_01,7,AngVelMAE,0.01502542681992054,0.013858065940439701,-0.001167360879480838
RUpArmTwist_l_01,7,AngVelMagMAE,0.015025489032268524,0.012765550054609776,-0.0022599389776587486
RUpArmTwist_l_01,8,AngVelMAE,0.01674329936504364,0.014830364286899567,-0.0019129350781440738
RUpArmTwist_l_01,8,AngVelMagMAE,0.01607293598353863,0.013465959019958973,-0.0026069769635796557
RUpArmTwist_l_01,9,AngVelMAE,0.01806345321238041,0.013979466259479522,-0.004083986952900886
RUpArmTwist_l_01,9,AngVelMagMAE,0.017965253815054892,0.012938028201460838,-0.005027225613594054
RUpArmTwist_l_01,10,AngVelMAE,0.019132374599575997,0.015611289814114571,-0.0035210847854614258
RUpArmTwist_l_01,10,AngVelMagMAE,0.01905561089515686,0.015244697593152523,-0.0038109133020043356
RUpArmTwist_l_01,11,AngVelMAE,0.020552534237504007,0.017236680909991264,-0.003315853327512743
RUpArmTwist_l_01,11,AngVelMagMAE,0.021541811898350714,0.01686445139348507,-0.004677360504865644
RUpArmTwist_l_01,12,AngVelMAE,0.020332398638129235,0.016910291463136672,-0.0034221071749925627
RUpArmTwist_l_01,12,AngVelMagMAE,0.0215936753898859,0.017173942551016806,-0.004419732838869095
RUpArmTwist_l_02,1,AngVelMAE,0.01337205059826374,0.011144542507827282,-0.0022275080904364582
RUpArmTwist_l_02,1,AngVelMagMAE,0.03867727294564247,0.032234711572527885,-0.006442561373114587
RUpArmTwist_l_02,2,AngVelMAE,0.0056467242538928986,0.005182170588523149,-0.00046455366536974924
RUpArmTwist_l_02,2,AngVelMagMAE,0.01682626623660326,0.015120614506304263,-0.0017056517302989974
RUpArmTwist_l_02,3,AngVelMAE,0.003035636432468891,0.0037095313891768456,0.0006738949567079546
RUpArmTwist_l_02,3,AngVelMagMAE,0.009037790261209011,0.011079682409763337,0.002041892148554325
RUpArmTwist_l_02,4,AngVelMAE,0.002386200288310647,0.004174675513058901,0.0017884752247482542
RUpArmTwist_l_02,4,AngVelMagMAE,0.007157859392464161,0.012509370222687721,0.00535151083022356
RUpArmTwist_l_02,5,AngVelMAE,0.0020241099409759045,0.004625443834811449,0.0026013338938355446
RUpArmTwist_l_02,5,AngVelMagMAE,0.006071666721254587,0.01387566588819027,0.007803999166935683
RUpArmTwist_l_02,6,AngVelMAE,0.0021348474081605675,0.004053284320980311,0.0019184369128197433
RUpArmTwist_l_02,6,AngVelMagMAE,0.006403890624642372,0.012159197218716144,0.005755306594073772
RUpArmTwist_l_02,7,AngVelMAE,0.0023675412870943547,0.004096319153904915,0.0017287778668105603
RUpArmTwist_l_02,7,AngVelMagMAE,0.0071019774302840235,0.012288286164402962,0.005186308734118939
RUpArmTwist_l_02,8,AngVelMAE,0.0024900165852159263,0.004445483908057213,0.0019554673228412865
RUpArmTwist_l_02,8,AngVelMagMAE,0.007469387631863356,0.0133357310667634,0.005866343434900044
RUpArmTwist_l_02,9,AngVelMAE,0.00278217033483088,0.003786134114488959,0.001003963779658079
RUpArmTwist_l_02,9,AngVelMagMAE,0.008345847576856613,0.011357671953737736,0.0030118243768811233
RUpArmTwist_l_02,10,AngVelMAE,0.0027759575750678778,0.0032855326309800146,0.0005095750559121369
RUpArmTwist_l_02,10,AngVelMagMAE,0.00832720920443535,0.009855816513299942,0.0015286073088645932
RUpArmTwist_l_02,11,AngVelMAE,0.0028523619286715983,0.002911930438131094,5.956850945949572e-05
RUpArmTwist_l_02,11,AngVelMagMAE,0.008532421756535768,0.008734971843659877,0.00020255008712410927
RUpArmTwist_l_02,12,AngVelMAE,0.0031703185755759477,0.002890660846605897,-0.00027965772897005055
RUpArmTwist_l_02,12,AngVelMagMAE,0.009474456496536731,0.008671167679131031,-0.0008032888174056996
RUpArmTwist_r_01,1,AngVelMAE,0.07003785818815231,0.05998641848564148,-0.01005143970251083
RUpArmTwist_r_01,1,AngVelMagMAE,0.08870054930448532,0.06549320518970489,-0.023207344114780426
RUpArmTwist_r_01,2,AngVelMAE,0.026833610236644746,0.029653283581137658,0.0028196733444929116
RUpArmTwist_r_01,2,AngVelMagMAE,0.03090716488659382,0.039406736940145494,0.008499572053551674
RUpArmTwist_r_01,3,AngVelMAE,0.021494532749056817,0.02761602811515331,0.0061214953660964945
RUpArmTwist_r_01,3,AngVelMagMAE,0.027012277394533157,0.037612996995449066,0.010600719600915909
RUpArmTwist_r_01,4,AngVelMAE,0.017775971069931985,0.024466345459222792,0.006690374389290807
RUpArmTwist_r_01,4,AngVelMagMAE,0.023064622655510902,0.03375130817294121,0.010686685517430308
RUpArmTwist_r_01,5,AngVelMAE,0.015768896602094174,0.026545514538884162,0.010776617936789988
RUpArmTwist_r_01,5,AngVelMagMAE,0.020875720679759978,0.03513412103056908,0.014258400350809101
RUpArmTwist_r_01,6,AngVelMAE,0.01590290404856205,0.023909162357449533,0.008006258308887484
RUpArmTwist_r_01,6,AngVelMagMAE,0.021346648409962653,0.03127257339656353,0.009925924986600877
RUpArmTwist_r_01,7,AngVelMAE,0.017761700972914695,0.02258301042020321,0.004821309447288515
RUpArmTwist_r_01,7,AngVelMagMAE,0.023305148258805274,0.026361170038580895,0.0030560217797756216
RUpArmTwist_r_01,8,AngVelMAE,0.021608749777078627,0.02280174531042576,0.0011929955333471326
RUpArmTwist_r_01,8,AngVelMagMAE,0.02812582515180111,0.02645517699420452,-0.0016706481575965888
RUpArmTwist_r_01,9,AngVelMAE,0.022625111043453217,0.023715609312057497,0.00109049826860428
RUpArmTwist_r_01,9,AngVelMagMAE,0.029399416223168374,0.02638322114944458,-0.0030161950737237937
RUpArmTwist_r_01,10,AngVelMAE,0.023965130373835564,0.023701685294508935,-0.00026344507932662964
RUpArmTwist_r_01,10,AngVelMagMAE,0.0319109071046114,0.026431578025221825,-0.005479329079389573
RUpArmTwist_r_01,11,AngVelMAE,0.025713354349136353,0.02328880876302719,-0.0024245455861091614
RUpArmTwist_r_01,11,AngVelMagMAE,0.03454892039299011,0.028077879548072816,-0.006471040844917293
RUpArmTwist_r_01,12,AngVelMAE,0.026271094009280203,0.02223886139690876,-0.004032232612371442
RUpArmTwist_r_01,12,AngVelMagMAE,0.03606298044323921,0.026945708319544792,-0.009117272123694418
RUpArmTwist_r_02,1,AngVelMAE,0.027866699174046515,0.022275830060243605,-0.00559086911380291
RUpArmTwist_r_02,1,AngVelMagMAE,0.07553761005401612,0.0629745751619339,-0.012563034892082214
RUpArmTwist_r_02,2,AngVelMAE,0.011038513854146004,0.00996982753276825,-0.0010686863213777535
RUpArmTwist_r_02,2,AngVelMagMAE,0.032467922940850255,0.029220636188983917,-0.0032472867518663386
RUpArmTwist_r_02,3,AngVelMAE,0.0072421527467668055,0.008788037486374379,0.001545884739607573
RUpArmTwist_r_02,3,AngVelMagMAE,0.021567493304610254,0.02625620402395725,0.004688710719346997
RUpArmTwist_r_02,4,AngVelMAE,0.005799069069325924,0.00807584347203374,0.0022767744027078155
RUpArmTwist_r_02,4,AngVelMagMAE,0.01738872714340687,0.023765427246689796,0.006376700103282926
RUpArmTwist_r_02,5,AngVelMAE,0.004474885389208793,0.008355931565165519,0.0038810461759567257
RUpArmTwist_r_02,5,AngVelMagMAE,0.013423981703817844,0.024787759780883788,0.011363778077065944
RUpArmTwist_r_02,6,AngVelMAE,0.0034658680204302074,0.007590114139020443,0.0041242461185902355
RUpArmTwist_r_02,6,AngVelMagMAE,0.010396943986415863,0.02266211770474911,0.012265173718333246
RUpArmTwist_r_02,7,AngVelMAE,0.0033858939539641144,0.007113063335418701,0.0037271693814545865
RUpArmTwist_r_02,7,AngVelMagMAE,0.010157028958201409,0.021059175208210944,0.010902146250009535
RUpArmTwist_r_02,8,AngVelMAE,0.004012035392224789,0.0069783258251845835,0.0029662904329597947
RUpArmTwist_r_02,8,AngVelMagMAE,0.012035439535975457,0.020768342539668083,0.008732903003692626
RUpArmTwist_r_02,9,AngVelMAE,0.0040616803802549836,0.0069132809527218345,0.002851600572466851
RUpArmTwist_r_02,9,AngVelMagMAE,0.012184340879321099,0.02048996724188328,0.00830562636256218
RUpArmTwist_r_02,10,AngVelMAE,0.005045103840529919,0.007404792122542858,0.0023596882820129395
RUpArmTwist_r_02,10,AngVelMagMAE,0.015134593844413758,0.02197853513062,0.006843941286206244
RUpArmTwist_r_02,11,AngVelMAE,0.0057680302299559115,0.008572361245751382,0.00280433101579547
RUpArmTwist_r_02,11,AngVelMagMAE,0.017083979025483132,0.02530258186161518,0.008218602836132047
RUpArmTwist_r_02,12,AngVelMAE,0.0061936588026583195,0.009115993417799473,0.0029223346151411537
RUpArmTwist_r_02,12,AngVelMagMAE,0.018332739546895026,0.026894756779074668,0.008562017232179642
R_ForeTwist_01,1,AngVelMAE,0.02929380498826504,0.023281454294919967,-0.006012350693345072
R_ForeTwist_01,1,AngVelMagMAE,0.06686867326498032,0.05270262435078621,-0.01416604891419411
R_ForeTwist_01,2,AngVelMAE,0.011079522222280503,0.013405115529894828,0.0023255933076143254
R_ForeTwist_01,2,AngVelMagMAE,0.023057446256279944,0.03204837590456009,0.008990929648280147
R_ForeTwist_01,3,AngVelMAE,0.008911757543683053,0.009705719351768494,0.0007939618080854416
R_ForeTwist_01,3,AngVelMagMAE,0.0192654874175787,0.023496806621551514,0.004231319203972815
R_ForeTwist_01,4,AngVelMAE,0.008493348769843579,0.007745223585516214,-0.0007481251843273647
R_ForeTwist_01,4,AngVelMagMAE,0.018874282017350197,0.01745303235948086,-0.0014212496578693383
R_ForeTwist_01,5,AngVelMAE,0.007536289002746344,0.008203594945371151,0.0006673059426248072
R_ForeTwist_01,5,AngVelMagMAE,0.0171599131077528,0.018998192623257637,0.0018382795155048384
R_ForeTwist_01,6,AngVelMAE,0.007693158928304911,0.008195509016513825,0.0005023500882089145
R_ForeTwist_01,6,AngVelMagMAE,0.017343175038695334,0.01922471560537815,0.0018815405666828162
R_ForeTwist_01,7,AngVelMAE,0.00841551311314106,0.008767177909612655,0.00035166479647159507
R_ForeTwist_01,7,AngVelMagMAE,0.01941005662083626,0.021133456006646158,0.0017233993858098984
R_ForeTwist_01,8,AngVelMAE,0.008788389898836613,0.009145867452025414,0.00035747755318880046
R_ForeTwist_01,8,AngVelMagMAE,0.02042599767446518,0.02196766920387745,0.001541671529412269
R_ForeTwist_01,9,AngVelMAE,0.00927314143627882,0.00916371215134859,-0.00010942928493022988
R_ForeTwist_01,9,AngVelMagMAE,0.021870478615164758,0.02234383635222912,0.00047335773706436157
R_ForeTwist_01,10,AngVelMAE,0.011158145405352116,0.008572055213153362,-0.0025860901921987544
R_ForeTwist_01,10,AngVelMagMAE,0.02713923789560795,0.021370263025164603,-0.0057689748704433455
R_ForeTwist_01,11,AngVelMAE,0.011335132084786892,0.009440680406987667,-0.0018944516777992249
R_ForeTwist_01,11,AngVelMagMAE,0.02764868251979351,0.024003040790557862,-0.003645641729235649
R_ForeTwist_01,12,AngVelMAE,0.00993812195956707,0.009526062570512295,-0.00041205938905477385
R_ForeTwist_01,12,AngVelMagMAE,0.023639724031090735,0.024039296060800554,0.00039957202970981875
R_ForeTwist_02,1,AngVelMAE,0.005518283881247044,0.004976070579141378,-0.0005422133021056657
R_ForeTwist_02,1,AngVelMagMAE,0.014737957902252675,0.013762968592345715,-0.0009749893099069602
R_ForeTwist_02,2,AngVelMAE,0.0028033695183694364,0.002116024447605014,-0.0006873450707644223
R_ForeTwist_02,2,AngVelMagMAE,0.00785838272422552,0.006022864300757646,-0.001835518423467874
R_ForeTwist_02,3,AngVelMAE,0.0022412778344005346,0.001657273294404149,-0.0005840045399963857
R_ForeTwist_02,3,AngVelMagMAE,0.006427412666380405,0.004966261610388756,-0.0014611510559916496
R_ForeTwist_02,4,AngVelMAE,0.0019088613335043192,0.0012580588227137923,-0.0006508025107905269
R_ForeTwist_02,4,AngVelMagMAE,0.005700761266052723,0.0037682489957660435,-0.0019325122702866793
R_ForeTwist_02,5,AngVelMAE,0.0014753105351701379,0.0011578512378036976,-0.00031745929736644025
R_ForeTwist_02,5,AngVelMagMAE,0.0043962614610791205,0.0034728150349110365,-0.000923446426168084
R_ForeTwist_02,6,AngVelMAE,0.0015379880322143435,0.0010795464739203453,-0.00045844155829399824
R_ForeTwist_02,6,AngVelMagMAE,0.004602836165577173,0.003226615581661463,-0.0013762205839157105
R_ForeTwist_02,7,AngVelMAE,0.0018670293735340237,0.0011392073007300495,-0.0007278220728039742
R_ForeTwist_02,7,AngVelMagMAE,0.005569656193256378,0.003385707875713706,-0.002183948317542672
R_ForeTwist_02,8,AngVelMAE,0.0017645812826231123,0.0012139142025262117,-0.0005506670800969006
R_ForeTwist_02,8,AngVelMagMAE,0.005280017387121916,0.0035664481576532124,-0.0017135692294687034
R_ForeTwist_02,9,AngVelMAE,0.0013833163073286414,0.001161999860778451,-0.00022131644655019032
R_ForeTwist_02,9,AngVelMagMAE,0.004148923652246594,0.0034100924618542193,-0.0007388311903923747
R_ForeTwist_02,10,AngVelMAE,0.0011774743907153606,0.0010110580362379551,-0.0001664163544774055
R_ForeTwist_02,10,AngVelMagMAE,0.003531703492626548,0.0030193664133548737,-0.0005123370792716742
R_ForeTwist_02,11,AngVelMAE,0.0010711055947467685,0.001184596517123282,0.00011349092237651344
R_ForeTwist_02,11,AngVelMagMAE,0.0032119741663336754,0.0035522252321243284,0.00034025106579065306
R_ForeTwist_02,12,AngVelMAE,0.0010270352941006422,0.0012916518608108163,0.0002646165667101741
R_ForeTwist_02,12,AngVelMagMAE,0.003068746207281947,0.0037993366830050947,0.0007305904757231477
ball_l,1,AngVelMAE,0.05450761318206787,0.058876588195562365,0.004368975013494494
ball_l,1,AngVelMagMAE,0.0600775383412838,0.056559812277555466,-0.003517726063728334
ball_l,2,AngVelMAE,0.028840377926826477,0.030473832786083222,0.001633454859256745
ball_l,2,AngVelMagMAE,0.029990360140800476,0.03355263471603394,0.0035622745752334622
ball_l,3,AngVelMAE,0.021213603019714356,0.022911074757575988,0.001697471737861632
ball_l,3,AngVelMagMAE,0.021273629367351533,0.023645912110805512,0.002372282743453979
ball_l,4,AngVelMAE,0.016123522259294986,0.016051770374178886,-7.175188511610031e-05
ball_l,4,AngVelMagMAE,0.01617286428809166,0.017049943655729295,0.000877079367637635
ball_l,5,AngVelMAE,0.014471392892301083,0.017113955691456795,0.0026425627991557114
ball_l,5,AngVelMagMAE,0.0149256506934762,0.017119089141488075,0.002193438448011875
ball_l,6,AngVelMAE,0.01666768416762352,0.015833513252437113,-0.000834170915186408
ball_l,6,AngVelMagMAE,0.015824856236577034,0.01632363982498646,0.0004987835884094245
ball_l,7,AngVelMAE,0.01694405823945999,0.017951206490397453,0.0010071482509374612
ball_l,7,AngVelMagMAE,0.016489295288920403,0.018158071860671043,0.0016687765717506402
ball_l,8,AngVelMAE,0.018075952678918837,0.01891414150595665,0.0008381888270378134
ball_l,8,AngVelMagMAE,0.01764824688434601,0.01949443221092224,0.0018461853265762315
ball_l,9,AngVelMAE,0.018673044070601462,0.021724991872906683,0.0030519478023052216
ball_l,9,AngVelMagMAE,0.01907096169888973,0.024089109152555466,0.005018147453665734
ball_l,10,AngVelMAE,0.018905356526374817,0.026231176778674127,0.00732582025229931
ball_l,10,AngVelMagMAE,0.018623758852481843,0.028638438135385514,0.010014679282903671
ball_l,11,AngVelMAE,0.02033669240772724,0.02978256680071354,0.0094458743929863
ball_l,11,AngVelMagMAE,0.02128739170730114,0.03242165446281433,0.01113426275551319
ball_l,12,AngVelMAE,0.020283499360084535,0.030423704907298087,0.010140205547213552
ball_l,12,AngVelMagMAE,0.022312040999531747,0.03218597546219826,0.00987393446266651
ball_r,1,AngVelMAE,0.06535767763853073,0.05270332545042038,-0.012654352188110354
ball_r,1,AngVelMagMAE,0.06275534182786942,0.0526730902493,-0.010082251578569415
ball_r,2,AngVelMAE,0.02954867072403431,0.027820133417844773,-0.0017285373061895377
ball_r,2,AngVelMagMAE,0.03165774866938591,0.029598096385598183,-0.0020596522837877246
ball_r,3,AngVelMAE,0.02118147872388363,0.019754820689558982,-0.001426658034324648
ball_r,3,AngVelMagMAE,0.02280122973024845,0.01903182826936245,-0.0037694014608860016
ball_r,4,AngVelMAE,0.015459905937314033,0.015465827658772469,5.9217214584354055e-06
ball_r,4,AngVelMagMAE,0.015138064324855805,0.016714686155319215,0.0015766218304634101
ball_r,5,AngVelMAE,0.01174424383789301,0.013690423592925072,0.0019461797550320622
ball_r,5,AngVelMagMAE,0.011338860169053078,0.015301504544913769,0.003962644375860691
ball_r,6,AngVelMAE,0.011689441837370395,0.01497124657034874,0.003281804732978344
ball_r,6,AngVelMagMAE,0.011950342915952206,0.016910052672028542,0.004959709756076337
ball_r,7,AngVelMAE,0.013493983820080758,0.016408855840563775,0.002914872020483017
ball_r,7,AngVelMagMAE,0.013583631068468095,0.01764238402247429,0.004058752954006196
ball_r,8,AngVelMAE,0.015203431248664856,0.01799819655716419,0.002794765308499335
ball_r,8,AngVelMagMAE,0.015062525868415833,0.021739416196942328,0.0066768903285264955
ball_r,9,AngVelMAE,0.015386694855988026,0.0187064316123724,0.003319736756384372
ball_r,9,AngVelMagMAE,0.014863090589642525,0.022377698495984078,0.007514607906341553
ball_r,10,AngVelMAE,0.01876968629658222,0.01872236430644989,-4.7321990132329766e-05
ball_r,10,AngVelMagMAE,0.01846727915108204,0.021698703244328498,0.0032314240932464593
ball_r,11,AngVelMAE,0.02058880068361759,0.019352943822741508,-0.0012358568608760827
ball_r,11,AngVelMagMAE,0.020101869106292726,0.021864359825849534,0.0017624907195568085
ball_r,12,AngVelMAE,0.020391713827848434,0.01885414943099022,-0.0015375643968582146
ball_r,12,AngVelMagMAE,0.0210364431142807,0.020460524037480353,-0.0005759190768003485
calf_l,1,AngVelMAE,0.14088309109210967,0.08262106478214264,-0.05826202630996703
calf_l,1,AngVelMagMAE,0.23340141475200654,0.12548441737890242,-0.10791699737310412
calf_l,2,AngVelMAE,0.06095210984349251,0.039946142584085464,-0.021005967259407045
calf_l,2,AngVelMagMAE,0.094646055996418,0.060301176458597186,-0.03434487953782081
calf_l,3,AngVelMAE,0.04918282553553581,0.01910756677389145,-0.03007525876164436
calf_l,3,AngVelMagMAE,0.08166697919368744,0.023903973028063775,-0.057763006165623666
calf_l,4,AngVelMAE,0.02925180122256279,0.01843831203877926,-0.010813489183783529
calf_l,4,AngVelMagMAE,0.04410701170563698,0.026500121504068375,-0.017606890201568606
calf_l,5,AngVelMAE,0.023755042627453805,0.023331836983561515,-0.0004232056438922896
calf_l,5,AngVelMagMAE,0.03355858698487282,0.03666059747338295,0.0031020104885101304
calf_l,6,AngVelMAE,0.02514989413321018,0.02331225425004959,-0.0018376398831605918
calf_l,6,AngVelMagMAE,0.03634120523929596,0.03663069829344749,0.00028949305415153226
calf_l,7,AngVelMAE,0.026710357517004013,0.023218819871544838,-0.003491537645459175
calf_l,7,AngVelMagMAE,0.041928698867559434,0.032370612025260925,-0.009558086842298509
calf_l,8,AngVelMAE,0.028486042842268945,0.025616546720266344,-0.0028694961220026016
calf_l,8,AngVelMagMAE,0.04363621920347214,0.03922087848186493,-0.004415340721607208
calf_l,9,AngVelMAE,0.03310192264616489,0.029670876637101173,-0.0034310460090637186
calf_l,9,AngVelMagMAE,0.050098417699337004,0.04620073288679123,-0.003897684812545772
calf_l,10,AngVelMAE,0.03990048319101334,0.034922145307064056,-0.004978337883949281
calf_l,10,AngVelMagMAE,0.061703503131866455,0.05093236640095711,-0.010771136730909348
calf_l,11,AngVelMAE,0.04496990814805031,0.03884609043598175,-0.0061238177120685605
calf_l,11,AngVelMagMAE,0.06681674048304558,0.055968108028173445,-0.01084863245487213
calf_l,12,AngVelMAE,0.045695248246192935,0.038454295694828035,-0.0072409525513649
calf_l,12,AngVelMagMAE,0.06652160063385963,0.054268297553062436,-0.012253303080797195
calf_r,1,AngVelMAE,0.11842570155858993,0.10043561905622482,-0.017990082502365112
calf_r,1,AngVelMagMAE,0.16106433868408204,0.16436735391616822,0.003303015232086176
calf_r,2,AngVelMAE,0.03595282062888146,0.046787798404693604,0.010834977775812146
calf_r,2,AngVelMagMAE,0.06314927488565444,0.0781079038977623,0.014958629012107857
calf_r,3,AngVelMAE,0.031026561558246613,0.024049074947834016,-0.006977486610412597
calf_r,3,AngVelMagMAE,0.053459479659795764,0.03750271201133728,-0.015956767648458485
calf_r,4,AngVelMAE,0.01882865056395531,0.014989220537245274,-0.003839430026710035
calf_r,4,AngVelMagMAE,0.030696843191981314,0.023847167566418647,-0.006849675625562667
calf_r,5,AngVelMAE,0.01538153477013111,0.017572453245520592,0.0021909184753894813
calf_r,5,AngVelMagMAE,0.02569944001734257,0.029231298714876175,0.003531858697533606
calf_r,6,AngVelMAE,0.01821679584681988,0.02163693532347679,0.003420139476656911
calf_r,6,AngVelMagMAE,0.031160065531730653,0.03548438102006912,0.004324315488338469
calf_r,7,AngVelMAE,0.020523173734545708,0.02462897598743439,0.004105802252888681
calf_r,7,AngVelMagMAE,0.03384649157524109,0.0390920951962471,0.005245603621006012
calf_r,8,AngVelMAE,0.022655563801527022,0.025736011564731598,0.003080447763204576
calf_r,8,AngVelMagMAE,0.03649766892194748,0.037007199972867964,0.0005095310509204837
calf_r,9,AngVelMAE,0.02121611386537552,0.024530844762921333,0.003314730897545814
calf_r,9,AngVelMagMAE,0.03153754584491253,0.03094511367380619,-0.0005924321711063378
calf_r,10,AngVelMAE,0.024843354150652884,0.021542616188526154,-0.0033007379621267305
calf_r,10,AngVelMagMAE,0.03792943730950356,0.02663978822529316,-0.011289649084210398
calf_r,11,AngVelMAE,0.028002281114459036,0.022034930437803267,-0.005967350676655769
calf_r,11,AngVelMagMAE,0.043709182739257814,0.029516180604696275,-0.014193002134561539
calf_r,12,AngVelMAE,0.028884125128388404,0.024234559386968613,-0.0046495657414197915
calf_r,12,AngVelMagMAE,0.04483458176255226,0.033829789608716965,-0.011004792153835298
clavicle_l,1,AngVelMAE,0.039863505959510805,0.026399653404951096,-0.013463852554559709
clavicle_l,1,AngVelMagMAE,0.05245959460735321,0.03345007076859474,-0.019009523838758466
clavicle_l,2,AngVelMAE,0.013223690912127495,0.011695685051381587,-0.0015280058607459075
clavicle_l,2,AngVelMagMAE,0.014882898144423961,0.013529345393180847,-0.0013535527512431138
clavicle_l,3,AngVelMAE,0.009707454964518547,0.008596796914935112,-0.001110658049583435
clavicle_l,3,AngVelMagMAE,0.010125553980469704,0.010527081228792668,0.00040152724832296337
clavicle_l,4,AngVelMAE,0.0077412260696291925,0.0070275341160595415,-0.000713691953569651
clavicle_l,4,AngVelMagMAE,0.00877244509756565,0.008965705707669257,0.00019326061010360718
clavicle_l,5,AngVelMAE,0.00617650356143713,0.007374875154346228,0.0011983715929090978
clavicle_l,5,AngVelMagMAE,0.007131196837872267,0.0096998181194067,0.002568621281534434
clavicle_l,6,AngVelMAE,0.005616934597492218,0.006838251277804375,0.0012213166803121574
clavicle_l,6,AngVelMagMAE,0.006390268914401531,0.008663862943649292,0.0022735940292477608
clavicle_l,7,AngVelMAE,0.0057509057223796844,0.006884494051337242,0.0011335883289575579
clavicle_l,7,AngVelMagMAE,0.006346170976758003,0.008329463750123977,0.001983292773365974
clavicle_l,8,AngVelMAE,0.006115908641368151,0.007699547987431288,0.0015836393460631369
clavicle_l,8,AngVelMagMAE,0.006783270556479692,0.009151101112365723,0.0023678305558860304
clavicle_l,9,AngVelMAE,0.006357606314122677,0.008553626388311386,0.0021960200741887098
clavicle_l,9,AngVelMagMAE,0.0070921599864959715,0.009771857410669327,0.0026796974241733553
clavicle_l,10,AngVelMAE,0.007472251914441586,0.009149870648980141,0.0016776187345385555
clavicle_l,10,AngVelMagMAE,0.007908984087407589,0.010174760408699513,0.002265776321291924
clavicle_l,11,AngVelMAE,0.008588828332722186,0.009545992128551006,0.00095716379582882
clavicle_l,11,AngVelMagMAE,0.009199466928839684,0.010370464809238911,0.0011709978803992275
clavicle_l,12,AngVelMAE,0.009160232730209827,0.009730001725256444,0.0005697689950466163
clavicle_l,12,AngVelMagMAE,0.009682179801166058,0.010458941757678985,0.000776761956512927
clavicle_r,1,AngVelMAE,0.039580986648797986,0.02909720167517662,-0.010483784973621367
clavicle_r,1,AngVelMagMAE,0.04819103702902794,0.03480661734938621,-0.013384419679641726
clavicle_r,2,AngVelMAE,0.013453987240791321,0.011959739029407501,-0.0014942482113838203
clavicle_r,2,AngVelMagMAE,0.016220030188560487,0.013466255739331245,-0.002753774449229241
clavicle_r,3,AngVelMAE,0.009062452428042888,0.008908807113766671,-0.00015364531427621703
clavicle_r,3,AngVelMagMAE,0.010198847390711308,0.010183479264378547,-1.5368126332760204e-05
clavicle_r,4,AngVelMAE,0.007439770828932523,0.008319998532533646,0.0008802277036011226
clavicle_r,4,AngVelMagMAE,0.008207377418875695,0.009434019029140473,0.0012266416102647785
clavicle_r,5,AngVelMAE,0.006509686354547739,0.009454300440847874,0.0029446140863001354
clavicle_r,5,AngVelMagMAE,0.006773106753826141,0.010491330362856387,0.003718223609030246
clavicle_r,6,AngVelMAE,0.006296426244080067,0.009447073750197887,0.00315064750611782
clavicle_r,6,AngVelMagMAE,0.0064302382059395315,0.010002402402460576,0.0035721641965210443
clavicle_r,7,AngVelMAE,0.006379656586796045,0.009002621658146382,0.0026229650713503368
clavicle_r,7,AngVelMagMAE,0.00680068489164114,0.009066499955952167,0.002265815064311027
clavicle_r,8,AngVelMAE,0.006641357764601707,0.01003043744713068,0.0033890796825289723
clavicle_r,8,AngVelMagMAE,0.007135614473372698,0.01008420456200838,0.002948590088635682
clavicle_r,9,AngVelMAE,0.006712099630385637,0.010888157784938813,0.004176058154553176
clavicle_r,9,AngVelMagMAE,0.007330016698688269,0.011267720907926559,0.00393770420923829
clavicle_r,10,AngVelMAE,0.007815328426659107,0.011125106364488602,0.0033097779378294945
clavicle_r,10,AngVelMagMAE,0.008989293687045574,0.011498812586069107,0.002509518899023533
clavicle_r,11,AngVelMAE,0.008934012055397034,0.011663610860705376,0.0027295988053083423
clavicle_r,11,AngVelMagMAE,0.010164950042963028,0.011998101882636548,0.0018331518396735198
clavicle_r,12,AngVelMAE,0.009405128099024296,0.01178594920784235,0.0023808211088180535
clavicle_r,12,AngVelMagMAE,0.011044477112591267,0.01190353985875845,0.0008590627461671826
foot_l,1,AngVelMAE,0.061950620263814926,0.08093654364347458,0.018985923379659653
foot_l,1,AngVelMagMAE,0.08018451035022736,0.0969153568148613,0.016730846464633936
foot_l,2,AngVelMAE,0.029882532358169556,0.03815060630440712,0.008268073946237565
foot_l,2,AngVelMagMAE,0.035440026223659514,0.05592628419399261,0.0204862579703331
foot_l,3,AngVelMAE,0.022708291187882423,0.025653981789946555,0.002945690602064132
foot_l,3,AngVelMagMAE,0.026304925605654717,0.034966683387756346,0.008661757782101629
foot_l,4,AngVelMAE,0.015716747008264066,0.019087965041399,0.0033712180331349345
foot_l,4,AngVelMagMAE,0.019383878260850907,0.027066225931048394,0.007682347670197487
foot_l,5,AngVelMAE,0.01746029667556286,0.021883632242679595,0.004423335567116736
foot_l,5,AngVelMagMAE,0.019870031625032425,0.02934083081781864,0.009470799192786216
foot_l,6,AngVelMAE,0.01716003641486168,0.02393537312746048,0.006775336712598799
foot_l,6,AngVelMagMAE,0.022188388183712958,0.03458927720785141,0.012400889024138453
foot_l,7,AngVelMAE,0.018277360126376152,0.025790627300739288,0.007513267174363136
foot_l,7,AngVelMagMAE,0.023924238234758376,0.03856760635972023,0.014643368124961854
foot_l,8,AngVelMAE,0.021298740059137344,0.02921844869852066,0.007919708639383315
foot_l,8,AngVelMagMAE,0.028486913070082664,0.045506378263235094,0.01701946519315243
foot_l,9,AngVelMAE,0.02459164261817932,0.03607767224311829,0.011486029624938967
foot_l,9,AngVelMagMAE,0.034284092485904694,0.0567043200135231,0.022420227527618408
foot_l,10,AngVelMAE,0.028014760836958884,0.04429888501763344,0.016284124180674556
foot_l,10,AngVelMagMAE,0.0414396122097969,0.07033130526542664,0.028891693055629733
foot_l,11,AngVelMAE,0.033440929278731345,0.052589671313762666,0.01914874203503132
foot_l,11,AngVelMagMAE,0.051845479756593704,0.08322305083274842,0.031377571076154714
foot_l,12,AngVelMAE,0.03693099170923233,0.05431084334850311,0.017379851639270784
foot_l,12,AngVelMagMAE,0.057691865414381024,0.0858658269047737,0.028173961490392682
foot_r,1,AngVelMAE,0.10125678926706314,0.058627086132764815,-0.04262970313429832
foot_r,1,AngVelMagMAE,0.13302444517612458,0.07798510193824768,-0.0550393432378769
foot_r,2,AngVelMAE,0.03579107075929642,0.030493157729506493,-0.005297913029789925
foot_r,2,AngVelMagMAE,0.04060117080807686,0.03808146938681602,-0.002519701421260838
foot_r,3,AngVelMAE,0.024247632920742036,0.020760610327124597,-0.0034870225936174393
foot_r,3,AngVelMagMAE,0.03075646571815014,0.024574698135256767,-0.006181767582893374
foot_r,4,AngVelMAE,0.02089686840772629,0.019846194609999656,-0.0010506737977266332
foot_r,4,AngVelMagMAE,0.025036607682704926,0.02577735222876072,0.0007407445460557924
foot_r,5,AngVelMAE,0.023204616084694863,0.022797444835305214,-0.00040717124938964913
foot_r,5,AngVelMagMAE,0.03000643663108349,0.029577277973294257,-0.00042915865778923173
foot_r,6,AngVelMAE,0.026599054411053657,0.020965345576405524,-0.005633708834648133
foot_r,6,AngVelMagMAE,0.03217266499996185,0.02818765230476856,-0.003985012695193291
foot_r,7,AngVelMAE,0.024810392409563065,0.0219687283039093,-0.002841664105653764
foot_r,7,AngVelMagMAE,0.029099752008914948,0.028921572864055632,-0.00017817914485931605
foot_r,8,AngVelMAE,0.026266755163669588,0.023235644772648813,-0.003031110391020775
foot_r,8,AngVelMagMAE,0.030856818705797196,0.0293442502617836,-0.0015125684440135956
foot_r,9,AngVelMAE,0.028977447375655174,0.02383325807750225,-0.005144189298152923
foot_r,9,AngVelMagMAE,0.036004066467285156,0.029220335930585862,-0.006783730536699294
foot_r,10,AngVelMAE,0.03329606801271438,0.026544587686657906,-0.006751480326056478
foot_r,10,AngVelMagMAE,0.03975773304700851,0.03375443369150162,-0.006003299355506891
foot_r,11,AngVelMAE,0.03691563606262207,0.03065822459757328,-0.006257411465048789
foot_r,11,AngVelMagMAE,0.04565810859203338,0.040984132885932924,-0.00467397570610046
foot_r,12,AngVelMAE,0.03669049367308617,0.032275086641311644,-0.004415407031774524
foot_r,12,AngVelMagMAE,0.0473268061876297,0.04215163215994835,-0.005175174027681355
hand_l,1,AngVelMAE,0.0840301752090454,0.044990038871765135,-0.03904013633728027
hand_l,1,AngVelMagMAE,0.1375022202730179,0.07770331501960755,-0.05979890525341035
hand_l,2,AngVelMAE,0.023739326372742654,0.019341738522052766,-0.004397587850689888
hand_l,2,AngVelMagMAE,0.03673587292432785,0.02908460758626461,-0.0076512653380632414
hand_l,3,AngVelMAE,0.01636793203651905,0.014436633326113224,-0.0019312987104058259
hand_l,3,AngVelMagMAE,0.024164017662405966,0.019214747473597527,-0.00494927018880844
hand_l,4,AngVelMAE,0.011858370341360568,0.013826156035065651,0.0019677856937050826
hand_l,4,AngVelMagMAE,0.017641310952603816,0.022264912351965906,0.00462360139936209
hand_l,5,AngVelMAE,0.010491751320660114,0.01567699611186981,0.005185244791209697
hand_l,5,AngVelMagMAE,0.01637975387275219,0.027578819915652274,0.011199066042900083
hand_l,6,AngVelMAE,0.012572627142071724,0.015510000102221966,0.002937372960150243
hand_l,6,AngVelMagMAE,0.02137586325407028,0.02889142856001854,0.007515565305948258
hand_l,7,AngVelMAE,0.015232503600418567,0.015203805267810821,-2.8698332607745777e-05
hand_l,7,AngVelMagMAE,0.026191641017794608,0.02884325012564659,0.0026516091078519835
hand_l,8,AngVelMAE,0.015704347006976604,0.016737567633390425,0.0010332206264138215
hand_l,8,AngVelMagMAE,0.025026232376694678,0.03216131515800953,0.007135082781314854
hand_l,9,AngVelMAE,0.014253335073590279,0.01700795739889145,0.0027546223253011697
hand_l,9,AngVelMagMAE,0.022782281041145325,0.032123594731092456,0.009341313689947131
hand_l,10,AngVelMAE,0.014499110169708729,0.018649357929825784,0.004150247760117055
hand_l,10,AngVelMagMAE,0.024132170155644415,0.03469943627715111,0.010567266121506692
hand_l,11,AngVelMAE,0.015632211603224276,0.018646185472607612,0.003013973869383336
hand_l,11,AngVelMagMAE,0.025331151112914084,0.033705031126737596,0.008373880013823512
hand_l,12,AngVelMAE,0.016371004097163678,0.017725662514567374,0.0013546584174036966
hand_l,12,AngVelMagMAE,0.026507778093218803,0.031138336285948753,0.00463055819272995
hand_r,1,AngVelMAE,0.06294815391302108,0.05599009618163109,-0.006958057731389994
hand_r,1,AngVelMagMAE,0.06195738539099693,0.06360398530960083,0.0016465999186038999
hand_r,2,AngVelMAE,0.029640892148017885,0.031232653185725212,0.0015917610377073274
hand_r,2,AngVelMagMAE,0.029293202981352805,0.03249418772757053,0.003200984746217727
hand_r,3,AngVelMAE,0.02086510993540287,0.02101542353630066,0.000150313600897789
hand_r,3,AngVelMagMAE,0.021050000190734865,0.025859637930989266,0.0048096377402544015
hand_r,4,AngVelMAE,0.015151174739003181,0.019743814319372176,0.004592639580368995
hand_r,4,AngVelMagMAE,0.018552812933921813,0.02268770821392536,0.004134895280003548
hand_r,5,AngVelMAE,0.01347303669899702,0.022878368198871613,0.009405331499874593
hand_r,5,AngVelMagMAE,0.016798806563019752,0.02555978447198868,0.008760977908968928
hand_r,6,AngVelMAE,0.013556708209216594,0.020752496272325515,0.007195788063108921
hand_r,6,AngVelMagMAE,0.01674643363803625,0.024958940222859383,0.008212506584823132
hand_r,7,AngVelMAE,0.01611402314156294,0.018762066215276717,0.0026480430737137774
hand_r,7,AngVelMagMAE,0.02064235396683216,0.02395486570894718,0.0033125117421150194
hand_r,8,AngVelMAE,0.017944765090942384,0.019512755051255225,0.001567989960312842
hand_r,8,AngVelMagMAE,0.022832992300391198,0.02553643211722374,0.002703439816832541
hand_r,9,AngVelMAE,0.019034789875149727,0.01956089921295643,0.000526109337806703
hand_r,9,AngVelMagMAE,0.02363034337759018,0.02545510157942772,0.001824758201837539
hand_r,10,AngVelMAE,0.02165040038526058,0.020004121214151384,-0.0016462791711091967
hand_r,10,AngVelMagMAE,0.028198549523949623,0.02576167955994606,-0.0024368699640035622
hand_r,11,AngVelMAE,0.02273155003786087,0.020708606019616126,-0.0020229440182447447
hand_r,11,AngVelMagMAE,0.02949378676712513,0.02679472528398037,-0.0026990614831447594
hand_r,12,AngVelMAE,0.02112170308828354,0.02066373862326145,-0.0004579644650220885
hand_r,12,AngVelMagMAE,0.025569572672247888,0.02619563564658165,0.0006260629743337631
head,1,AngVelMAE,0.03397673480212689,0.03499177768826485,0.0010150428861379623
head,1,AngVelMagMAE,0.03245196044445038,0.038406085968017575,0.005954125523567194
head,2,AngVelMAE,0.013393155671656132,0.0173854261636734,0.003992270492017268
head,2,AngVelMagMAE,0.014223777689039707,0.017507478967308997,0.0032837012782692895
head,3,AngVelMAE,0.009898963198065758,0.012842449359595776,0.002943486161530017
head,3,AngVelMagMAE,0.01103330310434103,0.013368183933198451,0.002334880828857421
head,4,AngVelMAE,0.007257749233394862,0.009167718514800072,0.0019099692814052108
head,4,AngVelMagMAE,0.007704415358603001,0.00938798040151596,0.0016835650429129594
head,5,AngVelMAE,0.006285018939524889,0.008501529693603516,0.0022165107540786265
head,5,AngVelMagMAE,0.006019394379109144,0.009263889119029044,0.0032444947399199
head,6,AngVelMAE,0.00558018907904625,0.007953743170946836,0.002373554091900586
head,6,AngVelMagMAE,0.005567917414009571,0.009035654179751874,0.003467736765742303
head,7,AngVelMAE,0.005814438499510288,0.008696170710027217,0.002881732210516929
head,7,AngVelMagMAE,0.006023833621293306,0.010072823241353035,0.004048989620059729
head,8,AngVelMAE,0.006289447471499443,0.00973051656037569,0.0034410690888762472
head,8,AngVelMagMAE,0.006746698264032602,0.011328237876296044,0.004581539612263442
head,9,AngVelMAE,0.006947658210992813,0.010720574483275413,0.0037729162722825995
head,9,AngVelMagMAE,0.007556568365544081,0.012483344972133636,0.004926776606589555
head,10,AngVelMAE,0.007614597119390965,0.011039186269044876,0.0034245891496539112
head,10,AngVelMagMAE,0.007980089075863362,0.012560619972646236,0.004580530896782875
head,11,AngVelMAE,0.007719307113438845,0.011644567549228668,0.0039252604357898225
head,11,AngVelMagMAE,0.007957635540515184,0.01315549835562706,0.005197862815111877
head,12,AngVelMAE,0.007275816984474659,0.011944063194096088,0.004668246209621429
head,12,AngVelMagMAE,0.007612869143486023,0.012996920384466648,0.005384051240980625
index_01_l,1,AngVelMAE,0.041557615250349046,0.03283827044069767,-0.008719344809651378
index_01_l,1,AngVelMagMAE,0.04908740147948265,0.03746217414736748,-0.01162522733211517
index_01_l,2,AngVelMAE,0.016304790042340755,0.01670894119888544,0.00040415115654468536
index_01_l,2,AngVelMagMAE,0.017619051970541477,0.020759183913469315,0.0031401319429278374
index_01_l,3,AngVelMAE,0.01237933076918125,0.010257219523191452,-0.002122111245989799
index_01_l,3,AngVelMagMAE,0.014454961568117142,0.010639336332678795,-0.003815625235438347
index_01_l,4,AngVelMAE,0.009171796776354314,0.007432650495320559,-0.0017391462810337549
index_01_l,4,AngVelMagMAE,0.011441038735210896,0.008269616402685642,-0.003171422332525254
index_01_l,5,AngVelMAE,0.007450940646231174,0.007673297356814146,0.00022235671058297175
index_01_l,5,AngVelMagMAE,0.009062983281910419,0.008176605124026537,-0.0008863781578838815
index_01_l,6,AngVelMAE,0.008066285029053688,0.00889360960572958,0.0008273245766758919
index_01_l,6,AngVelMagMAE,0.009565656632184982,0.009463292919099331,-0.0001023637130856507
index_01_l,7,AngVelMAE,0.008291635289788246,0.009875207021832467,0.001583571732044221
index_01_l,7,AngVelMagMAE,0.010166438855230808,0.01060151420533657,0.00043507535010576213
index_01_l,8,AngVelMAE,0.008736490458250045,0.010894454829394818,0.002157964371144773
index_01_l,8,AngVelMagMAE,0.010769466124475002,0.012500236928462981,0.0017307708039879799
index_01_l,9,AngVelMAE,0.008820444904267788,0.010997669585049153,0.0021772246807813655
index_01_l,9,AngVelMagMAE,0.010866660624742508,0.012780590727925301,0.0019139301031827934
index_01_l,10,AngVelMAE,0.009021625481545925,0.011625598557293415,0.0026039730757474906
index_01_l,10,AngVelMagMAE,0.010483033210039138,0.014260186813771725,0.0037771536037325866
index_01_l,11,AngVelMAE,0.00981585793197155,0.012582608871161938,0.0027667509391903888
index_01_l,11,AngVelMagMAE,0.011261096224188805,0.015813053026795386,0.004551956802606581
index_01_l,12,AngVelMAE,0.010442822985351086,0.01258919183164835,0.002146368846297264
index_01_l,12,AngVelMagMAE,0.011959238722920418,0.015396236442029476,0.0034369977191090577
index_01_r,1,AngVelMAE,0.05022928342223167,0.04206854030489922,-0.008160743117332454
index_01_r,1,AngVelMagMAE,0.060809464752674104,0.05151560828089714,-0.009293856471776961
index_01_r,2,AngVelMAE,0.025144223123788834,0.022634517028927804,-0.002509706094861029
index_01_r,2,AngVelMagMAE,0.03141399100422859,0.02881961166858673,-0.0025943793356418623
index_01_r,3,AngVelMAE,0.016742726415395738,0.014068559929728507,-0.0026741664856672308
index_01_r,3,AngVelMagMAE,0.020802664384245873,0.01596206184476614,-0.004840602539479735
index_01_r,4,AngVelMAE,0.011210778541862965,0.013151172176003456,0.0019403936341404904
index_01_r,4,AngVelMagMAE,0.012363846600055694,0.016784550994634627,0.004420704394578933
index_01_r,5,AngVelMAE,0.010486249625682832,0.014427422545850277,0.0039411729201674454
index_01_r,5,AngVelMagMAE,0.012083684466779232,0.01940704621374607,0.007323361746966838
index_01_r,6,AngVelMAE,0.010047756507992745,0.012956233508884907,0.0029084770008921627
index_01_r,6,AngVelMagMAE,0.012841293960809708,0.016414518654346465,0.0035732246935367574
index_01_r,7,AngVelMAE,0.010171423107385636,0.011014293134212493,0.0008428700268268575
index_01_r,7,AngVelMagMAE,0.013435304351150989,0.013745559751987458,0.0003102554008364688
index_01_r,8,AngVelMAE,0.011211607046425343,0.011658229678869248,0.0004466226324439052
index_01_r,8,AngVelMagMAE,0.014748788066208362,0.014214644953608514,-0.0005341431125998487
index_01_r,9,AngVelMAE,0.012227868661284447,0.012135808542370796,-9.20601189136512e-05
index_01_r,9,AngVelMagMAE,0.016381504014134407,0.014342557452619076,-0.0020389465615153306
index_01_r,10,AngVelMAE,0.013155877962708474,0.013540835492312909,0.00038495752960443497
index_01_r,10,AngVelMagMAE,0.017439180240035056,0.014773865230381489,-0.0026653150096535676
index_01_r,11,AngVelMAE,0.014570855349302293,0.014455098286271095,-0.00011575706303119764
index_01_r,11,AngVelMagMAE,0.01986522562801838,0.015485607460141182,-0.004379618167877198
index_01_r,12,AngVelMAE,0.015149864554405212,0.014463937655091286,-0.0006859268993139253
index_01_r,12,AngVelMagMAE,0.020516758784651756,0.015704542770981787,-0.004812216013669969
lowerarm_l,1,AngVelMAE,0.11454945355653763,0.07505032867193222,-0.03949912488460541
lowerarm_l,1,AngVelMagMAE,0.1337847590446472,0.09083311557769776,-0.04295164346694945
lowerarm_l,2,AngVelMAE,0.03544082269072533,0.02855673134326935,-0.006884091347455979
lowerarm_l,2,AngVelMagMAE,0.03952416926622391,0.031451282650232316,-0.008072886615991592
lowerarm_l,3,AngVelMAE,0.025889503955841064,0.02151503674685955,-0.004374467208981513
lowerarm_l,3,AngVelMagMAE,0.0305119089782238,0.02423844560980797,-0.0062734633684158325
lowerarm_l,4,AngVelMAE,0.019537865370512008,0.022341780737042426,0.0028039153665304177
lowerarm_l,4,AngVelMagMAE,0.02240564487874508,0.029342702776193618,0.006937057897448539
lowerarm_l,5,AngVelMAE,0.0174046378582716,0.024660341814160346,0.007255703955888745
lowerarm_l,5,AngVelMagMAE,0.0200245950371027,0.03376071564853191,0.013736120611429214
lowerarm_l,6,AngVelMAE,0.020750141143798827,0.025388470292091368,0.0046383291482925415
lowerarm_l,6,AngVelMagMAE,0.025244181975722313,0.03476980030536651,0.0095256183296442
lowerarm_l,7,AngVelMAE,0.02494690977036953,0.023765674978494643,-0.0011812347918748849
lowerarm_l,7,AngVelMagMAE,0.03045036382973194,0.03360600918531418,0.0031556453555822393
lowerarm_l,8,AngVelMAE,0.02553604170680046,0.02656858004629612,0.0010325383394956603
lowerarm_l,8,AngVelMagMAE,0.030516889691352845,0.037910180538892745,0.0073932908475399
lowerarm_l,9,AngVelMAE,0.023679814487695693,0.026627189293503762,0.0029473748058080687
lowerarm_l,9,AngVelMagMAE,0.028292615711688996,0.037301245331764224,0.009008629620075228
lowerarm_l,10,AngVelMAE,0.02526170387864113,0.028735941648483275,0.0034742377698421464
lowerarm_l,10,AngVelMagMAE,0.030805671587586403,0.04034881517291069,0.009543143585324286
lowerarm_l,11,AngVelMAE,0.026999498531222344,0.028755638748407364,0.0017561402171850198
lowerarm_l,11,AngVelMagMAE,0.03174434378743172,0.0402171365916729,0.00847279280424118
lowerarm_l,12,AngVelMAE,0.02676314637064934,0.0275861032307148,0.0008229568600654595
lowerarm_l,12,AngVelMagMAE,0.032193968445062636,0.03873225972056389,0.006538291275501255
lowerarm_r,1,AngVelMAE,0.08733079135417939,0.060353610664606094,-0.02697718068957329
lowerarm_r,1,AngVelMagMAE,0.10555665642023086,0.06742437779903412,-0.03813227862119674
lowerarm_r,2,AngVelMAE,0.024414287880063057,0.03203294984996319,0.007618661969900131
lowerarm_r,2,AngVelMagMAE,0.030579504370689393,0.04312288984656334,0.012543385475873945
lowerarm_r,3,AngVelMAE,0.021308113634586335,0.024061569571495058,0.0027534559369087226
lowerarm_r,3,AngVelMagMAE,0.02691270224750042,0.03498634025454521,0.00807363800704479
lowerarm_r,4,AngVelMAE,0.017143387347459793,0.01949246972799301,0.0023490823805332184
lowerarm_r,4,AngVelMagMAE,0.022493702918291093,0.027102107554674147,0.004608404636383054
lowerarm_r,5,AngVelMAE,0.01555649060755968,0.020964406430721283,0.005407915823161602
lowerarm_r,5,AngVelMagMAE,0.020117247849702834,0.02914264500141144,0.009025397151708605
lowerarm_r,6,AngVelMAE,0.01725577041506767,0.02292887344956398,0.005673103034496307
lowerarm_r,6,AngVelMagMAE,0.021642173081636427,0.02976078763604164,0.008118614554405212
lowerarm_r,7,AngVelMAE,0.01876927725970745,0.022691158577799797,0.003921881318092346
lowerarm_r,7,AngVelMagMAE,0.02399773560464382,0.027917409688234328,0.0039196740835905075
lowerarm_r,8,AngVelMAE,0.02095852345228195,0.022057200968265533,0.0010986775159835815
lowerarm_r,8,AngVelMagMAE,0.026375754922628402,0.026753532886505126,0.00037777796387672424
lowerarm_r,9,AngVelMAE,0.022606787830591203,0.02180550470948219,-0.0008012831211090116
lowerarm_r,9,AngVelMagMAE,0.02847961001098156,0.02561785988509655,-0.002861750125885007
lowerarm_r,10,AngVelMAE,0.026000304520130156,0.02218118719756603,-0.003819117322564125
lowerarm_r,10,AngVelMagMAE,0.03143186829984188,0.02467609941959381,-0.006755768880248071
lowerarm_r,11,AngVelMAE,0.027086277306079865,0.02425483763217926,-0.0028314396739006036
lowerarm_r,11,AngVelMagMAE,0.03257088512182236,0.02660011611878872,-0.00597076900303364
lowerarm_r,12,AngVelMAE,0.024972353503108023,0.024795112386345863,-0.00017724111676216056
lowerarm_r,12,AngVelMagMAE,0.028742432966828345,0.026902304217219352,-0.0018401287496089928
middle_01_l,1,AngVelMAE,0.03171297274529934,0.027642853930592536,-0.0040701188147068065
middle_01_l,1,AngVelMagMAE,0.03911205977201462,0.026686013117432593,-0.012426046654582024
middle_01_l,2,AngVelMAE,0.015302052907645702,0.014239738695323467,-0.0010623142123222344
middle_01_l,2,AngVelMagMAE,0.016413674876093864,0.01574940588325262,-0.0006642689928412424
middle_01_l,3,AngVelMAE,0.011326255463063716,0.009344912692904472,-0.001981342770159244
middle_01_l,3,AngVelMagMAE,0.012021313980221748,0.010950983688235282,-0.0010703302919864658
middle_01_l,4,AngVelMAE,0.007329272571951151,0.006712083332240581,-0.0006171892397105697
middle_01_l,4,AngVelMagMAE,0.007863229140639305,0.008256557863205671,0.0003933287225663662
middle_01_l,5,AngVelMAE,0.0061787995509803295,0.006366047076880932,0.00018724752590060234
middle_01_l,5,AngVelMagMAE,0.006924798619002104,0.0074532050639390945,0.0005284064449369904
middle_01_l,6,AngVelMAE,0.005682317074388266,0.0058898660354316235,0.00020754896104335785
middle_01_l,6,AngVelMagMAE,0.007028729934245348,0.00629267655313015,-0.000736053381115198
middle_01_l,7,AngVelMAE,0.0060444104485213755,0.005738583393394947,-0.00030582705512642843
middle_01_l,7,AngVelMagMAE,0.007568638306111097,0.006400418747216463,-0.0011682195588946344
middle_01_l,8,AngVelMAE,0.006796257384121418,0.006348830461502075,-0.0004474269226193428
middle_01_l,8,AngVelMagMAE,0.008359537087380886,0.00798562215641141,-0.00037391493096947635
middle_01_l,9,AngVelMAE,0.007179515156894922,0.00636835265904665,-0.0008111624978482728
middle_01_l,9,AngVelMagMAE,0.008739076647907495,0.008223217725753785,-0.0005158589221537103
middle_01_l,10,AngVelMAE,0.0078073786571621895,0.007078391220420599,-0.0007289874367415903
middle_01_l,10,AngVelMagMAE,0.009159529209136963,0.009354286827147007,0.00019475761801004444
middle_01_l,11,AngVelMAE,0.008648006059229375,0.007866837829351426,-0.0007811682298779488
middle_01_l,11,AngVelMagMAE,0.010223503410816192,0.010559937171638011,0.0003364337608218193
middle_01_l,12,AngVelMAE,0.008776684664189816,0.008237318135797977,-0.0005393665283918384
middle_01_l,12,AngVelMagMAE,0.010128119215369224,0.011109049059450626,0.0009809298440814022
middle_01_r,1,AngVelMAE,0.049679163843393326,0.04250653758645058,-0.007172626256942746
middle_01_r,1,AngVelMagMAE,0.059254971146583554,0.05170305594801903,-0.007551915198564525
middle_01_r,2,AngVelMAE,0.024684175848960876,0.022698300331830977,-0.0019858755171298995
middle_01_r,2,AngVelMagMAE,0.02858741357922554,0.02727094106376171,-0.0013164725154638304
middle_01_r,3,AngVelMAE,0.0167607456445694,0.01390854623168707,-0.0028521994128823287
middle_01_r,3,AngVelMagMAE,0.018524903059005737,0.015292815305292607,-0.00323208775371313
middle_01_r,4,AngVelMAE,0.010747155360877513,0.01305105108767748,0.002303895726799966
middle_01_r,4,AngVelMagMAE,0.011305573768913746,0.015681950189173222,0.004376376420259476
middle_01_r,5,AngVelMAE,0.0099334254860878,0.014480583928525447,0.004547158442437648
middle_01_r,5,AngVelMagMAE,0.010453859902918338,0.018840092048048974,0.008386232145130635
middle_01_r,6,AngVelMAE,0.009600650891661644,0.012829285860061646,0.003228634968400002
middle_01_r,6,AngVelMagMAE,0.011140387319028378,0.015870840474963187,0.004730453155934809
middle_01_r,7,AngVelMAE,0.009705389849841595,0.010960363037884235,0.00125497318804264
middle_01_r,7,AngVelMagMAE,0.01194018218666315,0.013421522453427315,0.001481340266764164
middle_01_r,8,AngVelMAE,0.010977083630859853,0.011494094133377075,0.0005170105025172223
middle_01_r,8,AngVelMagMAE,0.013624668307602405,0.01351104062050581,-0.00011362768709659472
middle_01_r,9,AngVelMAE,0.011951720342040062,0.011713345348834992,-0.0002383749932050698
middle_01_r,9,AngVelMagMAE,0.015316132828593254,0.013199246674776077,-0.002116886153817178
middle_01_r,10,AngVelMAE,0.012884841300547123,0.012794618122279644,-9.022317826747929e-05
middle_01_r,10,AngVelMagMAE,0.01594183947890997,0.013484200090169906,-0.0024576393887400638
middle_01_r,11,AngVelMAE,0.014343098551034928,0.013502241857349873,-0.0008408566936850548
middle_01_r,11,AngVelMagMAE,0.018207886442542075,0.013912253454327584,-0.004295632988214492
middle_01_r,12,AngVelMAE,0.015078486315906048,0.013501277007162572,-0.0015772093087434765
middle_01_r,12,AngVelMagMAE,0.018915287777781488,0.013749153912067413,-0.005166133865714075
neck_01,1,AngVelMAE,0.04373051524162293,0.031450049951672554,-0.012280465289950374
neck_01,1,AngVelMagMAE,0.05934869647026062,0.034389495849609375,-0.024959200620651247
neck_01,2,AngVelMAE,0.01589789055287838,0.015985430032014847,8.753947913646767e-05
neck_01,2,AngVelMagMAE,0.017974574491381644,0.01914278008043766,0.0011682055890560178
neck_01,3,AngVelMAE,0.011309748888015747,0.010585036873817445,-0.0007247120141983029
neck_01,3,AngVelMagMAE,0.012539230287075043,0.01343940980732441,0.0009001795202493671
neck_01,4,AngVelMAE,0.008552930131554604,0.008478238061070443,-7.469207048416138e-05
neck_01,4,AngVelMagMAE,0.009774955175817012,0.010732697136700154,0.000957741960883142
neck_01,5,AngVelMAE,0.007546488288789987,0.008749151788651943,0.0012026634998619553
neck_01,5,AngVelMagMAE,0.008652571961283684,0.012086213193833828,0.0034336412325501435
neck_01,6,AngVelMAE,0.007964314427226782,0.008411534316837787,0.0004472198896110051
neck_01,6,AngVelMagMAE,0.009009448625147343,0.011884114146232605,0.002874665521085262
neck_01,7,AngVelMAE,0.00863545723259449,0.008220225386321545,-0.00041523184627294436
neck_01,7,AngVelMagMAE,0.010102926753461361,0.011322170682251453,0.0012192439287900918
neck_01,8,AngVelMAE,0.009134976752102375,0.010308611392974853,0.0011736346408724781
neck_01,8,AngVelMagMAE,0.010878330655395984,0.013967028073966502,0.003088697418570518
neck_01,9,AngVelMAE,0.009815874136984348,0.011724402196705341,0.0019085280597209934
neck_01,9,AngVelMagMAE,0.01154183130711317,0.016793196275830268,0.0052513649687170975
neck_01,10,AngVelMAE,0.01145386602729559,0.01265257466584444,0.0011987086385488507
neck_01,10,AngVelMagMAE,0.01407129392027855,0.017576617747545244,0.003505323827266694
neck_01,11,AngVelMAE,0.012811035662889481,0.013633254542946815,0.0008222188800573339
neck_01,11,AngVelMagMAE,0.015374719351530074,0.01811820864677429,0.0027434892952442162
neck_01,12,AngVelMAE,0.012915766984224319,0.013605974800884723,0.0006902078166604042
neck_01,12,AngVelMagMAE,0.015237610414624214,0.017557135596871377,0.002319525182247163
pelvis,1,AngVelMAE,2.6217345826316623e-14,2.6907486926509157e-14,6.901411001925337e-16
pelvis,1,AngVelMagMAE,4.8899503424324614e-14,4.949672196088474e-14,5.972185365601288e-16
pelvis,2,AngVelMAE,2.8828073825662436e-14,2.6173051762999265e-14,-2.6550220626631707e-15
pelvis,2,AngVelMagMAE,5.487412824481397e-14,4.7930426581898125e-14,-6.943701662915844e-15
pelvis,3,AngVelMAE,2.7936296871189197e-14,2.8439817978376765e-14,5.035211071875686e-16
pelvis,3,AngVelMagMAE,5.3105328294555944e-14,5.388568687396053e-14,7.803585794045861e-16
pelvis,4,AngVelMAE,2.7958962456418186e-14,2.6187242952997564e-14,-1.771719503420622e-15
pelvis,4,AngVelMagMAE,5.3010332533081835e-14,4.6914108340311014e-14,-6.0962241927708206e-15
pelvis,5,AngVelMAE,2.6682489225916816e-14,2.5907462210695426e-14,-7.750270152213899e-16
pelvis,5,AngVelMagMAE,4.9089001635284346e-14,4.730792919406014e-14,-1.781072441224207e-15
pelvis,6,AngVelMAE,2.7965420235608052e-14,2.7060505461309718e-14,-9.049147742983341e-16
pelvis,6,AngVelMagMAE,5.230192499797517e-14,5.175120518208752e-14,-5.507198158876504e-16
pelvis,7,AngVelMAE,2.7253729261984652e-14,2.7555627389792316e-14,3.01898127807664e-16
pelvis,7,AngVelMagMAE,5.1503097712188654e-14,5.189760500143824e-14,3.945072892495849e-16
pelvis,8,AngVelMAE,2.6332696805952786e-14,2.916306349784025e-14,2.830366691887464e-15
pelvis,8,AngVelMagMAE,4.9196993592674764e-14,5.608623374758759e-14,6.889240154912826e-15
pelvis,9,AngVelMAE,2.7142096756986936e-14,2.8281165996850607e-14,1.1390692398636714e-15
pelvis,9,AngVelMagMAE,5.0458446557329064e-14,5.371400888095831e-14,3.255562323629247e-15
pelvis,10,AngVelMAE,2.6479652617730082e-14,2.6934504567021135e-14,4.548519492910534e-16
pelvis,10,AngVelMagMAE,4.9309084511903536e-14,4.950003894190619e-14,1.909544300026542e-16
pelvis,11,AngVelMAE,2.8152713450399493e-14,2.570751025791386e-14,-2.4452031924856335e-15
pelvis,11,AngVelMagMAE,5.2978520008462035e-14,4.6981298381819014e-14,-5.997221626643021e-15
pelvis,12,AngVelMAE,2.599589414445467e-14,2.7290012087686882e-14,1.2941179432322126e-15
pelvis,12,AngVelMagMAE,4.7564441941301204e-14,5.089100934283289e-14,3.3265674015316867e-15
pinky_01_l,1,AngVelMAE,0.10319514125585556,0.06960766464471817,-0.033587476611137396
pinky_01_l,1,AngVelMagMAE,0.09363555163145065,0.07189395725727081,-0.021741594374179843
pinky_01_l,2,AngVelMAE,0.04162835478782654,0.027141736447811128,-0.014486618340015411
pinky_01_l,2,AngVelMagMAE,0.034806111454963685,0.029120493680238724,-0.005685617774724962
pinky_01_l,3,AngVelMAE,0.03899223208427429,0.020657186582684516,-0.018335045501589774
pinky_01_l,3,AngVelMagMAE,0.029441298544406892,0.02144395187497139,-0.007997346669435502
pinky_01_l,4,AngVelMAE,0.024579842016100882,0.017190510779619216,-0.0073893312364816666
pinky_01_l,4,AngVelMagMAE,0.018428755179047584,0.019851147755980493,0.0014223925769329092
pinky_01_l,5,AngVelMAE,0.016362763196229934,0.02038422375917435,0.004021460562944414
pinky_01_l,5,AngVelMagMAE,0.016586946696043013,0.024341455847024917,0.007754509150981904
pinky_01_l,6,AngVelMAE,0.015130274742841721,0.02193198651075363,0.00680171176791191
pinky_01_l,6,AngVelMagMAE,0.01646990068256855,0.02824380435049534,0.011773903667926789
pinky_01_l,7,AngVelMAE,0.015658750757575036,0.022399214282631873,0.006740463525056837
pinky_01_l,7,AngVelMagMAE,0.0183809757232666,0.028545266017317772,0.010164290294051172
pinky_01_l,8,AngVelMAE,0.01671465076506138,0.026188192144036292,0.009473541378974912
pinky_01_l,8,AngVelMagMAE,0.02007331922650337,0.03350059911608696,0.013427279889583588
pinky_01_l,9,AngVelMAE,0.017726057767868043,0.02816551923751831,0.010439461469650267
pinky_01_l,9,AngVelMagMAE,0.020872796326875685,0.035804370790719985,0.0149315744638443
pinky_01_l,10,AngVelMAE,0.01890862099826336,0.03146982081234455,0.01256119981408119
pinky_01_l,10,AngVelMagMAE,0.023718923702836035,0.039786025136709216,0.01606710143387318
pinky_01_l,11,AngVelMAE,0.023195760697126387,0.03425425142049789,0.011058490723371506
pinky_01_l,11,AngVelMagMAE,0.029294727742671965,0.044935401529073715,0.01564067378640175
pinky_01_l,12,AngVelMAE,0.025178391486406326,0.03435558080673218,0.009177189320325851
pinky_01_l,12,AngVelMagMAE,0.03178441002964973,0.04420488178730011,0.012420471757650375
pinky_01_r,1,AngVelMAE,0.0527581050992012,0.04887935519218445,-0.003878749907016754
pinky_01_r,1,AngVelMagMAE,0.0690579131245613,0.06287810951471329,-0.006179803609848017
pinky_01_r,2,AngVelMAE,0.029254502803087234,0.02665738984942436,-0.002597112953662873
pinky_01_r,2,AngVelMagMAE,0.03654385954141617,0.03470955118536949,-0.001834308356046678
pinky_01_r,3,AngVelMAE,0.018506211042404175,0.017419004067778587,-0.0010872069746255889
pinky_01_r,3,AngVelMagMAE,0.022559208422899248,0.020178772509098053,-0.0023804359138011946
pinky_01_r,4,AngVelMAE,0.011907086335122585,0.015552759543061257,0.003645673207938672
pinky_01_r,4,AngVelMagMAE,0.013666081987321377,0.021582382172346114,0.007916300185024736
pinky_01_r,5,AngVelMAE,0.011395120061933994,0.01674097292125225,0.005345852859318257
pinky_01_r,5,AngVelMagMAE,0.013294503837823868,0.025480587035417557,0.012186083197593688
pinky_01_r,6,AngVelMAE,0.01112713348120451,0.015264056250452995,0.0041369227692484856
pinky_01_r,6,AngVelMagMAE,0.013512925431132316,0.021718401461839676,0.00820547603070736
pinky_01_r,7,AngVelMAE,0.011552008055150508,0.01333986297249794,0.0017878549173474326
pinky_01_r,7,AngVelMagMAE,0.01417755540460348,0.01766701564192772,0.00348946023732424
pinky_01_r,8,AngVelMAE,0.0128599775955081,0.01370788123458624,0.0008479036390781399
pinky_01_r,8,AngVelMagMAE,0.01572446748614311,0.01787314675748348,0.002148679271340371
pinky_01_r,9,AngVelMAE,0.013667452149093151,0.013295735605061055,-0.0003717165440320965
pinky_01_r,9,AngVelMagMAE,0.016888652369379996,0.01723080761730671,0.0003421552479267141
pinky_01_r,10,AngVelMAE,0.014762354455888272,0.013469988852739334,-0.0012923656031489372
pinky_01_r,10,AngVelMagMAE,0.017749901860952377,0.017196403071284293,-0.0005534987896680839
pinky_01_r,11,AngVelMAE,0.01631913110613823,0.013949680142104626,-0.002369450964033605
pinky_01_r,11,AngVelMagMAE,0.02066503055393696,0.01683184430003166,-0.0038331862539052984
pinky_01_r,12,AngVelMAE,0.017622973024845123,0.014093996211886405,-0.0035289768129587173
pinky_01_r,12,AngVelMagMAE,0.02231234237551689,0.017286739498376846,-0.005025602877140045
ring_01_l,1,AngVelMAE,0.04583337083458901,0.03795671984553337,-0.007876650989055635
ring_01_l,1,AngVelMagMAE,0.05813143029808998,0.03796976059675217,-0.020161669701337814
ring_01_l,2,AngVelMAE,0.019916634634137155,0.01826164796948433,-0.0016549866646528265
ring_01_l,2,AngVelMagMAE,0.024561750143766402,0.018136038444936275,-0.006425711698830126
ring_01_l,3,AngVelMAE,0.014817226864397525,0.01444100346416235,-0.00037622340023517505
ring_01_l,3,AngVelMagMAE,0.016143163107335566,0.014773963950574398,-0.001369199156761168
ring_01_l,4,AngVelMAE,0.010825697891414165,0.010799132660031319,-2.656523138284614e-05
ring_01_l,4,AngVelMagMAE,0.013111667148768902,0.011424242705106735,-0.0016874244436621676
ring_01_l,5,AngVelMAE,0.009816493466496467,0.010390883311629295,0.0005743898451328281
ring_01_l,5,AngVelMagMAE,0.011752852238714695,0.010363365150988102,-0.0013894870877265934
ring_01_l,6,AngVelMAE,0.010232990048825741,0.00969115886837244,-0.0005418311804533012
ring_01_l,6,AngVelMagMAE,0.012800915353000163,0.009171887300908566,-0.003629028052091598
ring_01_l,7,AngVelMAE,0.010424973256886006,0.008860033936798573,-0.0015649393200874336
ring_01_l,7,AngVelMagMAE,0.01336431372910738,0.008649049513041972,-0.004715264216065407
ring_01_l,8,AngVelMAE,0.011009791307151318,0.009657064266502858,-0.00135272704064846
ring_01_l,8,AngVelMagMAE,0.013909492827951907,0.009286676719784736,-0.0046228161081671715
ring_01_l,9,AngVelMAE,0.011457484401762485,0.01017228364944458,-0.0012852007523179044
ring_01_l,9,AngVelMagMAE,0.014346951246261596,0.009224130399525165,-0.005122820846736431
ring_01_l,10,AngVelMAE,0.01163989193737507,0.010880161821842194,-0.0007597301155328751
ring_01_l,10,AngVelMagMAE,0.014433683268725872,0.010185985080897807,-0.004247698187828065
ring_01_l,11,AngVelMAE,0.01225205510854721,0.012317214906215668,6.515979766845773e-05
ring_01_l,11,AngVelMagMAE,0.014891762658953667,0.012136352062225342,-0.0027554105967283245
ring_01_l,12,AngVelMAE,0.0122294208034873,0.012542999535799026,0.00031357873231172527
ring_01_l,12,AngVelMagMAE,0.015008688159286975,0.012110690772533416,-0.002897997386753559
ring_01_r,1,AngVelMAE,0.050649456679821014,0.041949250549077985,-0.00870020613074303
ring_01_r,1,AngVelMagMAE,0.056786973029375076,0.04742422848939896,-0.009362744539976119
ring_01_r,2,AngVelMAE,0.025305645167827608,0.022580282017588615,-0.002725363150238993
ring_01_r,2,AngVelMagMAE,0.027995405346155168,0.02690720818936825,-0.0010881971567869193
ring_01_r,3,AngVelMAE,0.017280029132962227,0.013920321129262447,-0.0033597080036997795
ring_01_r,3,AngVelMagMAE,0.018360978364944457,0.015083534270524978,-0.0032774440944194783
ring_01_r,4,AngVelMAE,0.011207738518714904,0.012944069691002369,0.0017363311722874645
ring_01_r,4,AngVelMagMAE,0.011192410998046399,0.014886034652590752,0.003693623654544353
ring_01_r,5,AngVelMAE,0.010458807274699212,0.014021848142147065,0.003563040867447853
ring_01_r,5,AngVelMagMAE,0.010321665182709694,0.01771881729364395,0.007397152110934257
ring_01_r,6,AngVelMAE,0.010120414197444916,0.012465766817331313,0.0023453526198863976
ring_01_r,6,AngVelMagMAE,0.011094528436660766,0.015456007979810237,0.004361479543149471
ring_01_r,7,AngVelMAE,0.010026985593140126,0.010695024579763412,0.0006680389866232858
ring_01_r,7,AngVelMagMAE,0.011755961365997792,0.012951407209038734,0.0011954458430409425
ring_01_r,8,AngVelMAE,0.011178737878799439,0.011240377835929394,6.163995712995564e-05
ring_01_r,8,AngVelMagMAE,0.013324094749987126,0.013252082467079162,-7.201228290796419e-05
ring_01_r,9,AngVelMAE,0.012093209102749825,0.011434352770447732,-0.0006588563323020932
ring_01_r,9,AngVelMagMAE,0.014767879992723465,0.012902767956256866,-0.0018651120364665992
ring_01_r,10,AngVelMAE,0.012978440709412098,0.012463352084159851,-0.0005150886252522462
ring_01_r,10,AngVelMagMAE,0.01554743554443121,0.013422335684299468,-0.002125099860131742
ring_01_r,11,AngVelMAE,0.014377803914248944,0.012992444075644016,-0.0013853598386049278
ring_01_r,11,AngVelMagMAE,0.017649729177355765,0.013896604999899864,-0.0037531241774559007
ring_01_r,12,AngVelMAE,0.015086820162832738,0.01293527875095606,-0.0021515414118766785
ring_01_r,12,AngVelMagMAE,0.01842329651117325,0.01381298154592514,-0.004610314965248108
spine_01,1,AngVelMAE,0.05274562239646911,0.03113040067255497,-0.021615221723914144
spine_01,1,AngVelMagMAE,0.07105816975235939,0.03423917964100838,-0.03681899011135101
spine_01,2,AngVelMAE,0.011990248784422874,0.013396278023719788,0.0014060292392969135
spine_01,2,AngVelMagMAE,0.012095017172396184,0.014872440323233604,0.00277742315083742
spine_01,3,AngVelMAE,0.010700063779950142,0.007644423935562372,-0.0030556398443877695
spine_01,3,AngVelMagMAE,0.013281580619513988,0.009172978810966015,-0.004108601808547973
spine_01,4,AngVelMAE,0.007401249092072249,0.006243880745023489,-0.0011573683470487593
spine_01,4,AngVelMagMAE,0.008327747415751218,0.007680805493146181,-0.0006469419226050373
spine_01,5,AngVelMAE,0.006063458044081926,0.006099362950772047,3.590490669012035e-05
spine_01,5,AngVelMagMAE,0.006695126369595528,0.007287733629345894,0.0005926072597503664
spine_01,6,AngVelMAE,0.006204099208116531,0.006967032141983509,0.0007629329338669777
spine_01,6,AngVelMagMAE,0.007090209331363439,0.008691349439322949,0.0016011401079595094
spine_01,7,AngVelMAE,0.006719441246241331,0.007368026673793793,0.0006485854275524623
spine_01,7,AngVelMagMAE,0.007692040130496025,0.00940495114773512,0.001712911017239094
spine_01,8,AngVelMAE,0.006964810565114022,0.008563263528048991,0.0015984529629349698
spine_01,8,AngVelMagMAE,0.0083713686093688,0.010750191099941731,0.0023788224905729304
spine_01,9,AngVelMAE,0.007394096720963717,0.009644149616360665,0.002250052895396948
spine_01,9,AngVelMagMAE,0.008633708581328392,0.012477400153875351,0.0038436915725469593
spine_01,10,AngVelMAE,0.007700423989444971,0.010492832958698272,0.0027924089692533014
spine_01,10,AngVelMagMAE,0.008725279942154884,0.014232927560806274,0.00550764761865139
spine_01,11,AngVelMAE,0.008266814332455397,0.011132975295186042,0.0028661609627306447
spine_01,11,AngVelMagMAE,0.009505143575370311,0.014652402885258198,0.0051472593098878874
spine_01,12,AngVelMAE,0.008534602262079716,0.01110408678650856,0.0025694845244288445
spine_01,12,AngVelMagMAE,0.010486887581646443,0.014153980836272239,0.003667093254625796
spine_02,1,AngVelMAE,0.06004948392510414,0.038062040507793424,-0.021987443417310716
spine_02,1,AngVelMagMAE,0.07955825328826904,0.04378897100687027,-0.03576928228139877
spine_02,2,AngVelMAE,0.01512504816055298,0.012692286260426044,-0.002432761900126935
spine_02,2,AngVelMagMAE,0.014786787889897823,0.01440917644649744,-0.0003776114434003823
spine_02,3,AngVelMAE,0.012363799288868904,0.00826556868851185,-0.004098230600357055
spine_02,3,AngVelMagMAE,0.013076838105916977,0.008097285963594913,-0.004979552142322064
spine_02,4,AngVelMAE,0.009295061603188515,0.006669958494603634,-0.002625103108584881
spine_02,4,AngVelMagMAE,0.009316243417561054,0.0063601194880902765,-0.002956123929470777
spine_02,5,AngVelMAE,0.007381825614720583,0.007574690319597721,0.00019286470487713762
spine_02,5,AngVelMagMAE,0.007622912712395191,0.007828458957374097,0.00020554624497890524
spine_02,6,AngVelMAE,0.007743948791176081,0.008892015554010868,0.0011480667628347872
spine_02,6,AngVelMagMAE,0.008590990118682385,0.007827903144061565,-0.0007630869746208194
spine_02,7,AngVelMAE,0.008885178714990616,0.008669457398355007,-0.00021572131663560867
spine_02,7,AngVelMagMAE,0.009845023229718208,0.007819570042192936,-0.0020254531875252713
spine_02,8,AngVelMAE,0.00956897772848606,0.008907644636929035,-0.0006613330915570259
spine_02,8,AngVelMagMAE,0.010305077768862247,0.00862668864428997,-0.0016783891245722767
spine_02,9,AngVelMAE,0.009824026748538018,0.009844609163701534,2.0582415163516304e-05
spine_02,9,AngVelMagMAE,0.009728256054222584,0.010597750172019004,0.0008694941177964204
spine_02,10,AngVelMAE,0.010587297193706036,0.011299710534512997,0.0007124133408069611
spine_02,10,AngVelMagMAE,0.00983427558094263,0.01202856283634901,0.0021942872554063797
spine_02,11,AngVelMAE,0.011834848485887051,0.01231258399784565,0.00047773551195859874
spine_02,11,AngVelMagMAE,0.01128635723143816,0.012858433276414871,0.0015720760449767102
spine_02,12,AngVelMAE,0.012249027192592622,0.011974656768143178,-0.0002743704244494438
spine_02,12,AngVelMagMAE,0.01205890327692032,0.01276246104389429,0.0007035577669739709
thigh_l,1,AngVelMAE,0.11562090814113617,0.0743974655866623,-0.04122344255447387
thigh_l,1,AngVelMagMAE,0.1857535123825073,0.10307247340679168,-0.08268103897571563
thigh_l,2,AngVelMAE,0.05316896885633469,0.03729647397994995,-0.015872494876384736
thigh_l,2,AngVelMagMAE,0.08133474141359329,0.05401983186602592,-0.027314909547567365
thigh_l,3,AngVelMAE,0.04370510131120682,0.022478606551885605,-0.021226494759321216
thigh_l,3,AngVelMagMAE,0.07295310348272324,0.028165098652243613,-0.04478800483047963
thigh_l,4,AngVelMAE,0.02676873281598091,0.01891954094171524,-0.007849191874265672
thigh_l,4,AngVelMagMAE,0.04407253488898277,0.027569730207324027,-0.016502804681658746
thigh_l,5,AngVelMAE,0.021901773661375044,0.02132309935986996,-0.000578674301505086
thigh_l,5,AngVelMagMAE,0.03165109269320965,0.03277761861681938,0.0011265259236097336
thigh_l,6,AngVelMAE,0.022804301232099533,0.021021292731165885,-0.0017830085009336478
thigh_l,6,AngVelMagMAE,0.034225426614284515,0.027808334678411484,-0.006417091935873032
thigh_l,7,AngVelMAE,0.024293173104524612,0.020306412130594254,-0.003986760973930359
thigh_l,7,AngVelMagMAE,0.03785878717899323,0.02533750534057617,-0.012521281838417057
thigh_l,8,AngVelMAE,0.024873176217079164,0.021389091014862062,-0.003484085202217102
thigh_l,8,AngVelMagMAE,0.0389963336288929,0.028452208638191222,-0.010544124990701675
thigh_l,9,AngVelMAE,0.027058647945523262,0.022360025346279143,-0.004698622599244119
thigh_l,9,AngVelMagMAE,0.04108915105462074,0.031937262043356895,-0.009151889011263847
thigh_l,10,AngVelMAE,0.02959337495267391,0.024299748614430426,-0.0052936263382434845
thigh_l,10,AngVelMagMAE,0.044046328961849214,0.035854652523994446,-0.008191676437854768
thigh_l,11,AngVelMAE,0.03191401176154614,0.02625848725438118,-0.005655524507164958
thigh_l,11,AngVelMagMAE,0.04541807845234871,0.0375176265835762,-0.007900451868772508
thigh_l,12,AngVelMAE,0.03234633728861809,0.02646806985139847,-0.005878267437219621
thigh_l,12,AngVelMagMAE,0.04534493088722229,0.0368229940533638,-0.00852193683385849
thigh_r,1,AngVelMAE,0.08561021387577057,0.09665045887231827,0.011040244996547696
thigh_r,1,AngVelMagMAE,0.12083019316196442,0.15043285489082336,0.029602661728858948
thigh_r,2,AngVelMAE,0.032199326902627945,0.04521255120635033,0.013013224303722384
thigh_r,2,AngVelMagMAE,0.05220571383833885,0.07560872286558151,0.023403009027242662
thigh_r,3,AngVelMAE,0.03135053850710392,0.024637404829263687,-0.0067131336778402315
thigh_r,3,AngVelMagMAE,0.05425454303622246,0.03901843801140785,-0.015236105024814608
thigh_r,4,AngVelMAE,0.019717731326818467,0.019016532599925993,-0.0007011987268924734
thigh_r,4,AngVelMagMAE,0.032217255979776385,0.030625366047024725,-0.0015918899327516597
thigh_r,5,AngVelMAE,0.014811370894312859,0.021878770738840102,0.0070673998445272435
thigh_r,5,AngVelMagMAE,0.021880009770393373,0.0374049961566925,0.01552498638629913
thigh_r,6,AngVelMAE,0.015681821294128893,0.021302169561386107,0.005620348267257214
thigh_r,6,AngVelMagMAE,0.024025344103574754,0.03623943105340004,0.012214086949825283
thigh_r,7,AngVelMAE,0.019920757785439492,0.023454565927386282,0.0035338081419467905
thigh_r,7,AngVelMagMAE,0.03236544691026211,0.03801295012235641,0.0056475032120943056
thigh_r,8,AngVelMAE,0.02064041271805763,0.026554449275135995,0.005914036557078364
thigh_r,8,AngVelMagMAE,0.03178878203034401,0.04242537468671799,0.010636592656373983
thigh_r,9,AngVelMAE,0.019120963662862776,0.028882743045687675,0.009761779382824898
thigh_r,9,AngVelMagMAE,0.026791880652308465,0.04454589188098908,0.017754011228680613
thigh_r,10,AngVelMAE,0.02218700423836708,0.027017469704151153,0.004830465465784074
thigh_r,10,AngVelMagMAE,0.03205105513334274,0.04060349389910698,0.00855243876576424
thigh_r,11,AngVelMAE,0.023782269284129142,0.024962197244167327,0.0011799279600381851
thigh_r,11,AngVelMagMAE,0.03401450663805008,0.03561433032155037,0.0015998236835002913
thigh_r,12,AngVelMAE,0.02202860191464424,0.025325384363532065,0.0032967824488878243
thigh_r,12,AngVelMagMAE,0.030230584368109704,0.03843346461653709,0.008202880248427389
thumb_01_l,1,AngVelMAE,0.07399005219340324,0.08773540556430817,0.013745353370904934
thumb_01_l,1,AngVelMagMAE,0.0840939737856388,0.08234127461910248,-0.0017526991665363229
thumb_01_l,2,AngVelMAE,0.03611984848976135,0.03659950941801071,0.00047966092824935913
thumb_01_l,2,AngVelMagMAE,0.037914397567510603,0.03457013703882694,-0.003344260528683661
thumb_01_l,3,AngVelMAE,0.028534027561545373,0.024034545198082923,-0.00449948236346245
thumb_01_l,3,AngVelMagMAE,0.028572451323270798,0.021046631410717963,-0.007525819912552835
thumb_01_l,4,AngVelMAE,0.02013404034078121,0.019722767174243927,-0.00041127316653728416
thumb_01_l,4,AngVelMagMAE,0.0189325787127018,0.018299588188529014,-0.000632990524172785
thumb_01_l,5,AngVelMAE,0.017225541174411774,0.021175097674131393,0.00394955649971962
thumb_01_l,5,AngVelMagMAE,0.015314729139208793,0.01865135468542576,0.003336625546216967
thumb_01_l,6,AngVelMAE,0.015264457277953624,0.01998576782643795,0.004721310548484327
thumb_01_l,6,AngVelMagMAE,0.01496205385774374,0.018442779034376144,0.0034807251766324036
thumb_01_l,7,AngVelMAE,0.017751524969935418,0.018111652880907058,0.00036012791097164015
thumb_01_l,7,AngVelMagMAE,0.017516464926302433,0.017495565488934516,-2.0899437367917495e-05
thumb_01_l,8,AngVelMAE,0.016538793593645094,0.02240004613995552,0.005861252546310425
thumb_01_l,8,AngVelMagMAE,0.017379925586283207,0.024298762157559394,0.006918836571276187
thumb_01_l,9,AngVelMAE,0.01791042722761631,0.024158089607954025,0.006247662380337714
thumb_01_l,9,AngVelMagMAE,0.018923853151500226,0.025311405211687087,0.00638755206018686
thumb_01_l,10,AngVelMAE,0.019676191732287407,0.026518714427948,0.006842522695660592
thumb_01_l,10,AngVelMagMAE,0.020655804499983787,0.02280881293118,0.002153008431196212
thumb_01_l,11,AngVelMAE,0.019767003133893013,0.03012670986354351,0.010359706729650496
thumb_01_l,11,AngVelMagMAE,0.021134837716817855,0.025077304616570473,0.003942466899752618
thumb_01_l,12,AngVelMAE,0.018929914385080338,0.02893590070307255,0.01000598631799221
thumb_01_l,12,AngVelMagMAE,0.020086489617824554,0.023806282505393028,0.003719792887568473
thumb_01_r,1,AngVelMAE,0.057236190885305405,0.04581819623708725,-0.011417994648218154
thumb_01_r,1,AngVelMagMAE,0.07206766530871392,0.05756074786186218,-0.014506917446851737
thumb_01_r,2,AngVelMAE,0.02605632059276104,0.026752537116408348,0.000696216523647309
thumb_01_r,2,AngVelMagMAE,0.03179653584957123,0.034823011606931686,0.0030264757573604598
thumb_01_r,3,AngVelMAE,0.019070570915937425,0.017889517918229104,-0.0011810529977083206
thumb_01_r,3,AngVelMagMAE,0.02073206305503845,0.023434726893901824,0.002702663838863372
thumb_01_r,4,AngVelMAE,0.012528096698224545,0.016153463162481785,0.00362536646425724
thumb_01_r,4,AngVelMagMAE,0.013147477805614472,0.021310484781861306,0.008163006976246834
thumb_01_r,5,AngVelMAE,0.011825366131961345,0.017629824951291083,0.005804458819329738
thumb_01_r,5,AngVelMagMAE,0.013543616607785225,0.023163560405373575,0.00961994379758835
thumb_01_r,6,AngVelMAE,0.012663394026458264,0.017871307209134102,0.005207913182675838
thumb_01_r,6,AngVelMagMAE,0.013831098936498165,0.019420778006315233,0.005589679069817067
thumb_01_r,7,AngVelMAE,0.011015303246676923,0.014842215925455093,0.003826912678778171
thumb_01_r,7,AngVelMagMAE,0.012868179194629192,0.015876089036464692,0.0030079098418355
thumb_01_r,8,AngVelMAE,0.01181077677756548,0.015737332962453367,0.0039265561848878874
thumb_01_r,8,AngVelMagMAE,0.013420077785849572,0.016431478038430213,0.0030114002525806413
thumb_01_r,9,AngVelMAE,0.012809561379253865,0.01586574297398329,0.0030561815947294235
thumb_01_r,9,AngVelMagMAE,0.015138951316475868,0.016527639515697957,0.0013886881992220892
thumb_01_r,10,AngVelMAE,0.013931914418935775,0.017745662853121756,0.003813748434185981
thumb_01_r,10,AngVelMagMAE,0.016090013831853867,0.01663203164935112,0.0005420178174972527
thumb_01_r,11,AngVelMAE,0.01605820283293724,0.019235488772392274,0.003177285939455033
thumb_01_r,11,AngVelMagMAE,0.019773757085204124,0.016982150822877885,-0.002791606262326239
thumb_01_r,12,AngVelMAE,0.017068682238459587,0.01885676719248295,0.0017880849540233626
thumb_01_r,12,AngVelMagMAE,0.021861435472965242,0.017750248685479163,-0.004111186787486079
upperarm_l,1,AngVelMAE,0.07292303293943406,0.06260070875287056,-0.010322324186563495
upperarm_l,1,AngVelMagMAE,0.08363977819681168,0.06918070912361145,-0.014459069073200229
upperarm_l,2,AngVelMAE,0.026130452752113342,0.02237059473991394,-0.0037598580121994025
upperarm_l,2,AngVelMagMAE,0.02575336806476116,0.02189248874783516,-0.0038608793169260004
upperarm_l,3,AngVelMAE,0.019357164576649665,0.017758603021502496,-0.0015985615551471696
upperarm_l,3,AngVelMagMAE,0.020112292468547822,0.01701550669968128,-0.003096785768866541
upperarm_l,4,AngVelMAE,0.01455202754586935,0.01621319241821766,0.0016611648723483096
upperarm_l,4,AngVelMagMAE,0.014175008051097393,0.01583439875394106,0.0016593907028436654
upperarm_l,5,AngVelMAE,0.012748142890632152,0.015179090015590192,0.0024309471249580397
upperarm_l,5,AngVelMagMAE,0.012415406480431556,0.015209644846618176,0.00279423836618662
upperarm_l,6,AngVelMAE,0.012419231608510018,0.014833495207130908,0.0024142635986208905
upperarm_l,6,AngVelMagMAE,0.012275414541363716,0.015275661647319794,0.0030002471059560783
upperarm_l,7,AngVelMAE,0.014054503291845322,0.014627589657902718,0.0005730863660573966
upperarm_l,7,AngVelMagMAE,0.01378173977136612,0.014647341333329678,0.0008656015619635579
upperarm_l,8,AngVelMAE,0.01561195906251669,0.015492062270641326,-0.00011989679187536344
upperarm_l,8,AngVelMagMAE,0.014822704717516899,0.01512823235243559,0.0003055276349186904
upperarm_l,9,AngVelMAE,0.016441453620791434,0.016031137481331826,-0.0004103161394596079
upperarm_l,9,AngVelMagMAE,0.01631910391151905,0.015968776494264602,-0.00035032741725444724
upperarm_l,10,AngVelMAE,0.01759299971163273,0.017493025586009025,-9.997412562370508e-05
upperarm_l,10,AngVelMagMAE,0.0170612383633852,0.018829288333654402,0.0017680499702692025
upperarm_l,11,AngVelMAE,0.019099194183945657,0.018326640874147416,-0.0007725533097982414
upperarm_l,11,AngVelMagMAE,0.019257721304893494,0.02028692588210106,0.0010292045772075653
upperarm_l,12,AngVelMAE,0.019208224862813948,0.017969627305865286,-0.0012385975569486618
upperarm_l,12,AngVelMagMAE,0.019391281902790068,0.020254484191536904,0.0008632022887468359
upperarm_r,1,AngVelMAE,0.07943155765533447,0.05144293904304505,-0.02798861861228942
upperarm_r,1,AngVelMagMAE,0.10181923061609269,0.060554955154657364,-0.041264275461435324
upperarm_r,2,AngVelMAE,0.022559818997979163,0.024900312721729278,0.0023404937237501144
upperarm_r,2,AngVelMagMAE,0.0251446396112442,0.029632235690951348,0.004487596079707147
upperarm_r,3,AngVelMAE,0.018910712003707884,0.019834034517407416,0.0009233225136995316
upperarm_r,3,AngVelMagMAE,0.022813469544053076,0.02363545969128609,0.0008219901472330121
upperarm_r,4,AngVelMAE,0.013013609871268272,0.01499960497021675,0.0019859950989484787
upperarm_r,4,AngVelMagMAE,0.015820113755762578,0.01921268105506897,0.0033925672993063913
upperarm_r,5,AngVelMAE,0.013135697320103645,0.016296051628887653,0.0031603543087840077
upperarm_r,5,AngVelMagMAE,0.01572753954678774,0.019074371457099913,0.0033468319103121744
upperarm_r,6,AngVelMAE,0.01462523192167282,0.01687309704720974,0.0022478651255369193
upperarm_r,6,AngVelMagMAE,0.017622265592217447,0.018069014698266984,0.00044674910604953696
upperarm_r,7,AngVelMAE,0.015737162716686726,0.016438307240605354,0.000701144523918628
upperarm_r,7,AngVelMagMAE,0.018814650177955628,0.01573897637426853,-0.003075673803687097
upperarm_r,8,AngVelMAE,0.017865406721830367,0.01638949252665043,-0.0014759141951799365
upperarm_r,8,AngVelMagMAE,0.021039888262748718,0.01718469336628914,-0.0038551948964595795
upperarm_r,9,AngVelMAE,0.019517580419778822,0.01674356833100319,-0.002774012088775632
upperarm_r,9,AngVelMagMAE,0.022567601501941682,0.01833241991698742,-0.004235181584954263
upperarm_r,10,AngVelMAE,0.020187028124928473,0.017544030025601388,-0.0026429980993270853
upperarm_r,10,AngVelMagMAE,0.022497428581118584,0.019019391015172006,-0.0034780375659465776
upperarm_r,11,AngVelMAE,0.02180747129023075,0.019003937765955926,-0.0028035335242748254
upperarm_r,11,AngVelMagMAE,0.022601190209388732,0.020129171758890153,-0.002472018450498579
upperarm_r,12,AngVelMAE,0.021410758420825005,0.018896590173244476,-0.0025141682475805296
upperarm_r,12,AngVelMagMAE,0.022435661032795907,0.02000846266746521,-0.002427198365330698
